-- phpMyAdmin SQL Dump
-- version 5.0.3
-- https://www.phpmyadmin.net/
--
-- Host: 127.0.0.1
-- Generation Time: Jan 05, 2022 at 04:21 AM
-- Server version: 10.4.14-MariaDB
-- PHP Version: 7.4.11

SET SQL_MODE = "NO_AUTO_VALUE_ON_ZERO";
START TRANSACTION;
SET time_zone = "+00:00";


/*!40101 SET @OLD_CHARACTER_SET_CLIENT=@@CHARACTER_SET_CLIENT */;
/*!40101 SET @OLD_CHARACTER_SET_RESULTS=@@CHARACTER_SET_RESULTS */;
/*!40101 SET @OLD_COLLATION_CONNECTION=@@COLLATION_CONNECTION */;
/*!40101 SET NAMES utf8mb4 */;

--
-- Database: `penjadwalan_piket`
--

-- --------------------------------------------------------

--
-- Table structure for table `failed_jobs`
--

CREATE TABLE `failed_jobs` (
  `id` bigint(20) UNSIGNED NOT NULL,
  `uuid` varchar(255) COLLATE utf8mb4_unicode_ci NOT NULL,
  `connection` text COLLATE utf8mb4_unicode_ci NOT NULL,
  `queue` text COLLATE utf8mb4_unicode_ci NOT NULL,
  `payload` longtext COLLATE utf8mb4_unicode_ci NOT NULL,
  `exception` longtext COLLATE utf8mb4_unicode_ci NOT NULL,
  `failed_at` timestamp NOT NULL DEFAULT current_timestamp()
) ENGINE=InnoDB DEFAULT CHARSET=utf8mb4 COLLATE=utf8mb4_unicode_ci;

-- --------------------------------------------------------

--
-- Table structure for table `jabatans`
--

CREATE TABLE `jabatans` (
  `id_jabatan` bigint(20) UNSIGNED NOT NULL,
  `nama_jabatan` varchar(255) COLLATE utf8mb4_unicode_ci NOT NULL
) ENGINE=InnoDB DEFAULT CHARSET=utf8mb4 COLLATE=utf8mb4_unicode_ci;

--
-- Dumping data for table `jabatans`
--

INSERT INTO `jabatans` (`id_jabatan`, `nama_jabatan`) VALUES
(1, 'Dokter Umum'),
(2, 'Perawat');

-- --------------------------------------------------------

--
-- Table structure for table `jenis_kelamins`
--

CREATE TABLE `jenis_kelamins` (
  `id_jenis_kelamin` bigint(20) UNSIGNED NOT NULL,
  `nama_jenis_kelamin` varchar(255) COLLATE utf8mb4_unicode_ci NOT NULL
) ENGINE=InnoDB DEFAULT CHARSET=utf8mb4 COLLATE=utf8mb4_unicode_ci;

--
-- Dumping data for table `jenis_kelamins`
--

INSERT INTO `jenis_kelamins` (`id_jenis_kelamin`, `nama_jenis_kelamin`) VALUES
(1, 'Laki-Laki'),
(2, 'Perempuan');

-- --------------------------------------------------------

--
-- Table structure for table `migrations`
--

CREATE TABLE `migrations` (
  `id` int(10) UNSIGNED NOT NULL,
  `migration` varchar(255) COLLATE utf8mb4_unicode_ci NOT NULL,
  `batch` int(11) NOT NULL
) ENGINE=InnoDB DEFAULT CHARSET=utf8mb4 COLLATE=utf8mb4_unicode_ci;

--
-- Dumping data for table `migrations`
--

INSERT INTO `migrations` (`id`, `migration`, `batch`) VALUES
(1, '2014_10_12_000000_create_users_table', 1),
(2, '2014_10_12_100000_create_password_resets_table', 1),
(3, '2019_08_19_000000_create_failed_jobs_table', 1),
(4, '2021_07_15_095200_create_pikets_table', 1),
(5, '2021_07_15_095631_create_jenis_kelamins_table', 1),
(6, '2021_07_15_095739_create_jabatans_table', 1),
(7, '2021_07_15_095820_create_pegawais_table', 1),
(8, '2021_07_15_100135_create_penjadwalans_table', 1),
(9, '2021_10_11_091654_create_penjadwalan_memetika', 1),
(10, '2021_10_11_091706_create_penjadwalan_neuro_fuzzy', 1),
(11, '2021_10_12_091850_create_status_jadwal_piket_table', 1),
(12, '2021_11_16_142241_create_penjadwalan_genetikas_table', 1);

-- --------------------------------------------------------

--
-- Table structure for table `password_resets`
--

CREATE TABLE `password_resets` (
  `email` varchar(255) COLLATE utf8mb4_unicode_ci NOT NULL,
  `token` varchar(255) COLLATE utf8mb4_unicode_ci NOT NULL,
  `created_at` timestamp NULL DEFAULT NULL
) ENGINE=InnoDB DEFAULT CHARSET=utf8mb4 COLLATE=utf8mb4_unicode_ci;

-- --------------------------------------------------------

--
-- Table structure for table `pegawais`
--

CREATE TABLE `pegawais` (
  `id_pegawai` bigint(20) UNSIGNED NOT NULL,
  `nama_pegawai` varchar(255) COLLATE utf8mb4_unicode_ci NOT NULL,
  `id_jenis_kelamin` bigint(20) UNSIGNED NOT NULL,
  `id_jabatan` bigint(20) UNSIGNED NOT NULL
) ENGINE=InnoDB DEFAULT CHARSET=utf8mb4 COLLATE=utf8mb4_unicode_ci;

--
-- Dumping data for table `pegawais`
--

INSERT INTO `pegawais` (`id_pegawai`, `nama_pegawai`, `id_jenis_kelamin`, `id_jabatan`) VALUES
(1, 'dr. Amelia', 2, 1),
(2, 'dr. Dwi Bhakti P', 2, 1),
(3, 'Eni Sudaryati', 2, 2),
(4, 'Nely Puspita', 2, 2),
(5, 'Martiningsih', 2, 2),
(6, 'Endah Lestari', 2, 2),
(7, 'Eni Setioningsih', 2, 2),
(8, 'Margi Yuwono', 1, 2),
(9, 'Ari S', 2, 2),
(10, 'Suripah', 2, 2),
(11, 'Heriyah Safari', 2, 2),
(12, 'Ukhulul', 1, 2),
(13, 'Anisa', 2, 2);

-- --------------------------------------------------------

--
-- Table structure for table `penjadwalans`
--

CREATE TABLE `penjadwalans` (
  `id_penjadwalans` bigint(20) UNSIGNED NOT NULL,
  `id_pegawai` bigint(20) UNSIGNED NOT NULL,
  `id_piket` bigint(20) UNSIGNED NOT NULL,
  `tanggal_penjadwalan` date NOT NULL
) ENGINE=InnoDB DEFAULT CHARSET=utf8mb4 COLLATE=utf8mb4_unicode_ci;

-- --------------------------------------------------------

--
-- Table structure for table `penjadwalan_genetikas`
--

CREATE TABLE `penjadwalan_genetikas` (
  `id_penjadwalan_genetikas` bigint(20) UNSIGNED NOT NULL,
  `id_pegawai` bigint(20) UNSIGNED NOT NULL,
  `id_piket` bigint(20) UNSIGNED NOT NULL,
  `kode_piket` varchar(255) COLLATE utf8mb4_unicode_ci NOT NULL,
  `tanggal_penjadwalan` date NOT NULL,
  `tanggal_pembuatan_jadwal` datetime NOT NULL,
  `nilai_fitness` varchar(255) COLLATE utf8mb4_unicode_ci NOT NULL
) ENGINE=InnoDB DEFAULT CHARSET=utf8mb4 COLLATE=utf8mb4_unicode_ci;

--
-- Dumping data for table `penjadwalan_genetikas`
--

INSERT INTO `penjadwalan_genetikas` (`id_penjadwalan_genetikas`, `id_pegawai`, `id_piket`, `kode_piket`, `tanggal_penjadwalan`, `tanggal_pembuatan_jadwal`, `nilai_fitness`) VALUES
(404, 1, 1, 'RPU', '2021-12-01', '2021-11-22 05:55:22', '3'),
(405, 1, 3, 'R.Inf', '2021-12-02', '2021-11-22 05:55:22', '3'),
(406, 1, 1, 'RPU', '2021-12-03', '2021-11-22 05:55:22', '3'),
(407, 1, 3, 'R.Inf', '2021-12-04', '2021-11-22 05:55:22', '3'),
(408, 1, 2, 'PCare RPU', '2021-12-05', '2021-11-22 05:55:22', '-1'),
(409, 1, 1, 'RPU', '2021-12-06', '2021-11-22 05:55:22', '3'),
(410, 1, 3, 'R.Inf', '2021-12-07', '2021-11-22 05:55:22', '3'),
(411, 1, 1, 'RPU', '2021-12-08', '2021-11-22 05:55:22', '3'),
(412, 1, 3, 'R.Inf', '2021-12-09', '2021-11-22 05:55:22', '3'),
(413, 1, 2, 'PCare RPU', '2021-12-10', '2021-11-22 05:55:22', '2'),
(414, 1, 2, 'PCare RPU', '2021-12-11', '2021-11-22 05:55:22', '2'),
(415, 1, 1, 'RPU', '2021-12-12', '2021-11-22 05:55:22', '-1'),
(416, 1, 4, 'IVA/PTM', '2021-12-13', '2021-11-22 05:55:22', '2'),
(417, 1, 3, 'R.Inf', '2021-12-14', '2021-11-22 05:55:22', '3'),
(418, 1, 1, 'RPU', '2021-12-15', '2021-11-22 05:55:22', '3'),
(419, 1, 3, 'R.Inf', '2021-12-16', '2021-11-22 05:55:22', '3'),
(420, 1, 1, 'RPU', '2021-12-17', '2021-11-22 05:55:22', '3'),
(421, 1, 2, 'PCare RPU', '2021-12-18', '2021-11-22 05:55:22', '2'),
(422, 1, 2, 'PCare RPU', '2021-12-19', '2021-11-22 05:55:22', '-1'),
(423, 1, 1, 'RPU', '2021-12-20', '2021-11-22 05:55:22', '3'),
(424, 1, 2, 'PCare RPU', '2021-12-21', '2021-11-22 05:55:22', '2'),
(425, 1, 2, 'PCare RPU', '2021-12-22', '2021-11-22 05:55:22', '2'),
(426, 1, 3, 'R.Inf', '2021-12-23', '2021-11-22 05:55:22', '3'),
(427, 1, 1, 'RPU', '2021-12-24', '2021-11-22 05:55:22', '3'),
(428, 1, 3, 'R.Inf', '2021-12-25', '2021-11-22 05:55:22', '3'),
(429, 1, 1, 'RPU', '2021-12-26', '2021-11-22 05:55:22', '-1'),
(430, 1, 1, 'RPU', '2021-12-27', '2021-11-22 05:55:22', '3'),
(431, 1, 3, 'R.Inf', '2021-12-28', '2021-11-22 05:55:22', '3'),
(432, 1, 1, 'RPU', '2021-12-29', '2021-11-22 05:55:22', '3'),
(433, 1, 3, 'R.Inf', '2021-12-30', '2021-11-22 05:55:22', '3'),
(434, 1, 1, 'RPU', '2021-12-31', '2021-11-22 05:55:22', '3'),
(435, 2, 3, 'R.Inf', '2021-12-01', '2021-11-22 05:55:22', '3'),
(436, 2, 1, 'RPU', '2021-12-02', '2021-11-22 05:55:22', '3'),
(437, 2, 3, 'R.Inf', '2021-12-03', '2021-11-22 05:55:22', '3'),
(438, 2, 6, 'KR', '2021-11-04', '2021-11-22 05:55:22', '2'),
(439, 2, 1, 'RPU', '2021-12-05', '2021-11-22 05:55:22', '-1'),
(440, 2, 3, 'R.Inf', '2021-12-06', '2021-11-22 05:55:22', '3'),
(441, 2, 1, 'RPU', '2021-12-07', '2021-11-22 05:55:22', '3'),
(442, 2, 3, 'R.Inf', '2021-12-08', '2021-11-22 05:55:22', '3'),
(443, 2, 1, 'RPU', '2021-12-09', '2021-11-22 05:55:22', '3'),
(444, 2, 3, 'R.Inf', '2021-12-10', '2021-11-22 05:55:22', '3'),
(445, 2, 1, 'RPU', '2021-12-11', '2021-11-22 05:55:22', '3'),
(446, 2, 2, 'PCare RPU', '2021-12-12', '2021-11-22 05:55:22', '-1'),
(447, 2, 3, 'R.Inf', '2021-12-13', '2021-11-22 05:55:22', '3'),
(448, 2, 4, 'IVA/PTM', '2021-12-14', '2021-11-22 05:55:22', '2'),
(449, 2, 2, 'PCare RPU', '2021-12-15', '2021-11-22 05:55:22', '2'),
(450, 2, 1, 'RPU', '2021-12-16', '2021-11-22 05:55:22', '3'),
(451, 2, 3, 'R.Inf', '2021-12-17', '2021-11-22 05:55:22', '3'),
(452, 2, 1, 'RPU', '2021-12-18', '2021-11-22 05:55:22', '3'),
(453, 2, 1, 'RPU', '2021-12-19', '2021-11-22 05:55:22', '-1'),
(454, 2, 3, 'R.Inf', '2021-12-20', '2021-11-22 05:55:22', '3'),
(455, 2, 2, 'PCare RPU', '2021-12-21', '2021-11-22 05:55:22', '2'),
(456, 2, 3, 'R.Inf', '2021-12-22', '2021-11-22 05:55:22', '3'),
(457, 2, 1, 'RPU', '2021-12-23', '2021-11-22 05:55:22', '3'),
(458, 2, 3, 'R.Inf', '2021-12-24', '2021-11-22 05:55:22', '3'),
(459, 2, 1, 'RPU', '2021-12-25', '2021-11-22 05:55:22', '3'),
(460, 2, 1, 'RPU', '2021-12-26', '2021-11-22 05:55:22', '-1'),
(461, 2, 3, 'R.Inf', '2021-12-27', '2021-11-22 05:55:22', '3'),
(462, 2, 1, 'RPU', '2021-12-28', '2021-11-22 05:55:22', '3'),
(463, 2, 3, 'R.Inf', '2021-12-29', '2021-11-22 05:55:22', '3'),
(464, 2, 2, 'PCare RPU', '2021-12-30', '2021-11-22 05:55:22', '2'),
(465, 2, 2, 'PCare RPU', '2021-12-31', '2021-11-22 05:55:22', '2'),
(466, 3, 1, 'RPU', '2021-12-01', '2021-11-22 05:55:22', '2'),
(467, 3, 2, 'PCare RPU', '2021-12-02', '2021-11-22 05:55:22', '2'),
(468, 3, 1, 'RPU', '2021-12-03', '2021-11-22 05:55:22', '2'),
(469, 3, 2, 'PCare RPU', '2021-12-04', '2021-11-22 05:55:22', '2'),
(470, 3, 1, 'RPU', '2021-12-05', '2021-11-22 05:55:22', '-1'),
(471, 3, 1, 'RPU', '2021-12-06', '2021-11-22 05:55:22', '2'),
(472, 3, 1, 'RPU', '2021-12-07', '2021-11-22 05:55:22', '2'),
(473, 3, 1, 'RPU', '2021-12-08', '2021-11-22 05:55:22', '2'),
(474, 3, 1, 'RPU', '2021-12-09', '2021-11-22 05:55:22', '2'),
(475, 3, 1, 'RPU', '2021-12-10', '2021-11-22 05:55:22', '2'),
(476, 3, 5, 'PB', '2021-12-11', '2021-11-22 05:55:22', '3'),
(477, 3, 1, 'RPU', '2021-12-12', '2021-11-22 05:55:22', '-1'),
(478, 3, 2, 'PCare RPU', '2021-12-13', '2021-11-22 05:55:22', '2'),
(479, 3, 1, 'RPU', '2021-12-14', '2021-11-22 05:55:22', '2'),
(480, 3, 1, 'RPU', '2021-12-15', '2021-11-22 05:55:22', '2'),
(481, 3, 1, 'RPU', '2021-12-16', '2021-11-22 05:55:22', '2'),
(482, 3, 1, 'RPU', '2021-12-17', '2021-11-22 05:55:22', '2'),
(483, 3, 1, 'RPU', '2021-12-18', '2021-11-22 05:55:22', '2'),
(484, 3, 3, 'R.Inf', '2021-12-19', '2021-11-22 05:55:22', '-1'),
(485, 3, 1, 'RPU', '2021-12-20', '2021-11-22 05:55:22', '2'),
(486, 3, 2, 'PCare RPU', '2021-12-21', '2021-11-22 05:55:22', '2'),
(487, 3, 1, 'RPU', '2021-12-22', '2021-11-22 05:55:22', '2'),
(488, 3, 1, 'RPU', '2021-12-23', '2021-11-22 05:55:22', '2'),
(489, 3, 1, 'RPU', '2021-12-24', '2021-11-22 05:55:22', '2'),
(490, 3, 1, 'RPU', '2021-12-25', '2021-11-22 05:55:22', '2'),
(491, 3, 2, 'PCare RPU', '2021-12-26', '2021-11-22 05:55:22', '-1'),
(492, 3, 1, 'RPU', '2021-12-27', '2021-11-22 05:55:22', '2'),
(493, 3, 1, 'RPU', '2021-12-28', '2021-11-22 05:55:22', '2'),
(494, 3, 1, 'RPU', '2021-12-29', '2021-11-22 05:55:22', '2'),
(495, 3, 1, 'RPU', '2021-12-30', '2021-11-22 05:55:22', '2'),
(496, 3, 1, 'RPU', '2021-12-31', '2021-11-22 05:55:22', '2'),
(497, 4, 1, 'RPU', '2021-12-01', '2021-11-22 05:55:22', '2'),
(498, 4, 1, 'RPU', '2021-12-02', '2021-11-22 05:55:22', '2'),
(499, 4, 4, 'IVA/PTM', '2021-12-03', '2021-11-22 05:55:22', '2'),
(500, 4, 1, 'RPU', '2021-12-04', '2021-11-22 05:55:22', '2'),
(501, 4, 1, 'RPU', '2021-12-05', '2021-11-22 05:55:22', '-1'),
(502, 4, 1, 'RPU', '2021-12-06', '2021-11-22 05:55:22', '2'),
(503, 4, 5, 'PB', '2021-12-07', '2021-11-22 05:55:22', '3'),
(504, 4, 1, 'RPU', '2021-12-08', '2021-11-22 05:55:22', '2'),
(505, 4, 5, 'PB', '2021-12-09', '2021-11-22 05:55:22', '3'),
(506, 4, 1, 'RPU', '2021-12-10', '2021-11-22 05:55:22', '2'),
(507, 4, 1, 'RPU', '2021-12-11', '2021-11-22 05:55:22', '2'),
(508, 4, 1, 'RPU', '2021-12-12', '2021-11-22 05:55:22', '-1'),
(509, 4, 1, 'RPU', '2021-12-13', '2021-11-22 05:55:22', '2'),
(510, 4, 1, 'RPU', '2021-12-14', '2021-11-22 05:55:22', '2'),
(511, 4, 1, 'RPU', '2021-12-15', '2021-11-22 05:55:22', '2'),
(512, 4, 1, 'RPU', '2021-12-16', '2021-11-22 05:55:22', '2'),
(513, 4, 1, 'RPU', '2021-12-17', '2021-11-22 05:55:22', '2'),
(514, 4, 3, 'R.Inf', '2021-12-18', '2021-11-22 05:55:22', '2'),
(515, 4, 1, 'RPU', '2021-12-19', '2021-11-22 05:55:22', '-1'),
(516, 4, 1, 'RPU', '2021-12-20', '2021-11-22 05:55:22', '2'),
(517, 4, 2, 'PCare RPU', '2021-12-21', '2021-11-22 05:55:22', '2'),
(518, 4, 1, 'RPU', '2021-12-22', '2021-11-22 05:55:22', '2'),
(519, 4, 1, 'RPU', '2021-12-23', '2021-11-22 05:55:22', '2'),
(520, 4, 1, 'RPU', '2021-12-24', '2021-11-22 05:55:22', '2'),
(521, 4, 2, 'PCare RPU', '2021-12-25', '2021-11-22 05:55:22', '2'),
(522, 4, 1, 'RPU', '2021-12-26', '2021-11-22 05:55:22', '-1'),
(523, 4, 1, 'RPU', '2021-12-27', '2021-11-22 05:55:22', '2'),
(524, 4, 1, 'RPU', '2021-12-28', '2021-11-22 05:55:22', '2'),
(525, 4, 1, 'RPU', '2021-12-29', '2021-11-22 05:55:22', '2'),
(526, 4, 1, 'RPU', '2021-12-30', '2021-11-22 05:55:22', '2'),
(527, 4, 2, 'PCare RPU', '2021-12-31', '2021-11-22 05:55:22', '2'),
(528, 5, 1, 'RPU', '2021-12-01', '2021-11-22 05:55:22', '2'),
(529, 5, 1, 'RPU', '2021-12-02', '2021-11-22 05:55:22', '2'),
(530, 5, 1, 'RPU', '2021-12-03', '2021-11-22 05:55:22', '2'),
(531, 5, 1, 'RPU', '2021-12-04', '2021-11-22 05:55:22', '2'),
(532, 5, 1, 'RPU', '2021-12-05', '2021-11-22 05:55:22', '-1'),
(533, 5, 1, 'RPU', '2021-12-06', '2021-11-22 05:55:22', '2'),
(534, 5, 1, 'RPU', '2021-12-07', '2021-11-22 05:55:22', '2'),
(535, 5, 2, 'PCare RPU', '2021-12-08', '2021-11-22 05:55:22', '2'),
(536, 5, 1, 'RPU', '2021-12-09', '2021-11-22 05:55:22', '2'),
(537, 5, 1, 'RPU', '2021-12-10', '2021-11-22 05:55:22', '2'),
(538, 5, 1, 'RPU', '2021-12-11', '2021-11-22 05:55:22', '2'),
(539, 5, 1, 'RPU', '2021-12-12', '2021-11-22 05:55:22', '-1'),
(540, 5, 5, 'PB', '2021-12-13', '2021-11-22 05:55:22', '3'),
(541, 5, 1, 'RPU', '2021-12-14', '2021-11-22 05:55:22', '2'),
(542, 5, 1, 'RPU', '2021-12-15', '2021-11-22 05:55:22', '2'),
(543, 5, 1, 'RPU', '2021-12-16', '2021-11-22 05:55:22', '2'),
(544, 5, 1, 'RPU', '2021-12-17', '2021-11-22 05:55:22', '2'),
(545, 5, 1, 'RPU', '2021-12-18', '2021-11-22 05:55:22', '2'),
(546, 5, 1, 'RPU', '2021-12-19', '2021-11-22 05:55:22', '-1'),
(547, 5, 1, 'RPU', '2021-12-20', '2021-11-22 05:55:22', '2'),
(548, 5, 1, 'RPU', '2021-12-21', '2021-11-22 05:55:22', '2'),
(549, 5, 1, 'RPU', '2021-12-22', '2021-11-22 05:55:22', '2'),
(550, 5, 5, 'PB', '2021-12-23', '2021-11-22 05:55:22', '3'),
(551, 5, 3, 'R.Inf', '2021-12-24', '2021-11-22 05:55:22', '2'),
(552, 5, 2, 'PCare RPU', '2021-12-25', '2021-11-22 05:55:22', '2'),
(553, 5, 1, 'RPU', '2021-12-26', '2021-11-22 05:55:22', '-1'),
(554, 5, 1, 'RPU', '2021-12-27', '2021-11-22 05:55:22', '2'),
(555, 5, 1, 'RPU', '2021-12-28', '2021-11-22 05:55:22', '2'),
(556, 5, 1, 'RPU', '2021-12-29', '2021-11-22 05:55:22', '2'),
(557, 5, 2, 'PCare RPU', '2021-12-30', '2021-11-22 05:55:22', '2'),
(558, 5, 3, 'R.Inf', '2021-12-31', '2021-11-22 05:55:22', '2'),
(559, 6, 1, 'RPU', '2021-12-01', '2021-11-22 05:55:22', '2'),
(560, 6, 2, 'PCare RPU', '2021-12-02', '2021-11-22 05:55:22', '2'),
(561, 6, 1, 'RPU', '2021-12-03', '2021-11-22 05:55:22', '2'),
(562, 6, 1, 'RPU', '2021-12-04', '2021-11-22 05:55:22', '2'),
(563, 6, 1, 'RPU', '2021-12-05', '2021-11-22 05:55:22', '-1'),
(564, 6, 3, 'R.Inf', '2021-12-06', '2021-11-22 05:55:22', '3'),
(565, 6, 1, 'RPU', '2021-12-07', '2021-11-22 05:55:22', '2'),
(566, 6, 1, 'RPU', '2021-12-08', '2021-11-22 05:55:22', '2'),
(567, 6, 1, 'RPU', '2021-12-09', '2021-11-22 05:55:22', '2'),
(568, 6, 1, 'RPU', '2021-12-10', '2021-11-22 05:55:22', '2'),
(569, 6, 1, 'RPU', '2021-12-11', '2021-11-22 05:55:22', '2'),
(570, 6, 1, 'RPU', '2021-12-12', '2021-11-22 05:55:22', '-1'),
(571, 6, 3, 'R.Inf', '2021-12-13', '2021-11-22 05:55:22', '3'),
(572, 6, 1, 'RPU', '2021-12-14', '2021-11-22 05:55:22', '2'),
(573, 6, 1, 'RPU', '2021-12-15', '2021-11-22 05:55:22', '2'),
(574, 6, 1, 'RPU', '2021-12-16', '2021-11-22 05:55:22', '2'),
(575, 6, 1, 'RPU', '2021-12-17', '2021-11-22 05:55:22', '2'),
(576, 6, 1, 'RPU', '2021-12-18', '2021-11-22 05:55:22', '2'),
(577, 6, 1, 'RPU', '2021-12-19', '2021-11-22 05:55:22', '-1'),
(578, 6, 1, 'RPU', '2021-12-20', '2021-11-22 05:55:22', '2'),
(579, 6, 1, 'RPU', '2021-12-21', '2021-11-22 05:55:22', '2'),
(580, 6, 2, 'PCare RPU', '2021-12-22', '2021-11-22 05:55:22', '2'),
(581, 6, 1, 'RPU', '2021-12-23', '2021-11-22 05:55:22', '2'),
(582, 6, 1, 'RPU', '2021-12-24', '2021-11-22 05:55:22', '2'),
(583, 6, 1, 'RPU', '2021-12-25', '2021-11-22 05:55:22', '2'),
(584, 6, 1, 'RPU', '2021-12-26', '2021-11-22 05:55:22', '-1'),
(585, 6, 1, 'RPU', '2021-12-27', '2021-11-22 05:55:22', '2'),
(586, 6, 1, 'RPU', '2021-12-28', '2021-11-22 05:55:22', '2'),
(587, 6, 1, 'RPU', '2021-12-29', '2021-11-22 05:55:22', '2'),
(588, 6, 1, 'RPU', '2021-12-30', '2021-11-22 05:55:22', '2'),
(589, 6, 1, 'RPU', '2021-12-31', '2021-11-22 05:55:22', '2'),
(590, 7, 2, 'PCare RPU', '2021-12-01', '2021-11-22 05:55:22', '2'),
(591, 7, 1, 'RPU', '2021-12-02', '2021-11-22 05:55:22', '2'),
(592, 7, 1, 'RPU', '2021-12-03', '2021-11-22 05:55:22', '2'),
(593, 7, 1, 'RPU', '2021-12-04', '2021-11-22 05:55:22', '2'),
(594, 7, 1, 'RPU', '2021-12-05', '2021-11-22 05:55:22', '-1'),
(595, 7, 1, 'RPU', '2021-12-06', '2021-11-22 05:55:22', '2'),
(596, 7, 1, 'RPU', '2021-12-07', '2021-11-22 05:55:22', '2'),
(597, 7, 1, 'RPU', '2021-12-08', '2021-11-22 05:55:22', '2'),
(598, 7, 1, 'RPU', '2021-12-09', '2021-11-22 05:55:22', '2'),
(599, 7, 1, 'RPU', '2021-12-10', '2021-11-22 05:55:22', '2'),
(600, 7, 1, 'RPU', '2021-12-11', '2021-11-22 05:55:22', '2'),
(601, 7, 1, 'RPU', '2021-12-12', '2021-11-22 05:55:22', '-1'),
(602, 7, 1, 'RPU', '2021-12-13', '2021-11-22 05:55:22', '2'),
(603, 7, 1, 'RPU', '2021-12-14', '2021-11-22 05:55:22', '2'),
(604, 7, 2, 'PCare RPU', '2021-12-15', '2021-11-22 05:55:22', '2'),
(605, 7, 2, 'PCare RPU', '2021-12-16', '2021-11-22 05:55:22', '2'),
(606, 7, 1, 'RPU', '2021-12-17', '2021-11-22 05:55:22', '2'),
(607, 7, 1, 'RPU', '2021-12-18', '2021-11-22 05:55:22', '2'),
(608, 7, 1, 'RPU', '2021-12-19', '2021-11-22 05:55:22', '-1'),
(609, 7, 1, 'RPU', '2021-12-20', '2021-11-22 05:55:22', '2'),
(610, 7, 3, 'R.Inf', '2021-12-21', '2021-11-22 05:55:22', '2'),
(611, 7, 1, 'RPU', '2021-12-22', '2021-11-22 05:55:22', '2'),
(612, 7, 1, 'RPU', '2021-12-23', '2021-11-22 05:55:22', '2'),
(613, 7, 1, 'RPU', '2021-12-24', '2021-11-22 05:55:22', '2'),
(614, 7, 1, 'RPU', '2021-12-25', '2021-11-22 05:55:22', '2'),
(615, 7, 1, 'RPU', '2021-12-26', '2021-11-22 05:55:22', '-1'),
(616, 7, 2, 'PCare RPU', '2021-12-27', '2021-11-22 05:55:22', '2'),
(617, 7, 1, 'RPU', '2021-12-28', '2021-11-22 05:55:22', '2'),
(618, 7, 1, 'RPU', '2021-12-29', '2021-11-22 05:55:22', '2'),
(619, 7, 1, 'RPU', '2021-12-30', '2021-11-22 05:55:22', '2'),
(620, 7, 1, 'RPU', '2021-12-31', '2021-11-22 05:55:22', '2'),
(621, 8, 15, 'PKD', '2021-12-01', '2021-11-22 05:55:22', '3'),
(622, 8, 15, 'PKD', '2021-12-02', '2021-11-22 05:55:22', '3'),
(623, 8, 15, 'PKD', '2021-12-03', '2021-11-22 05:55:22', '3'),
(624, 8, 15, 'PKD', '2021-12-04', '2021-11-22 05:55:22', '3'),
(625, 8, 1, 'RPU', '2021-12-05', '2021-11-22 05:55:22', '-1'),
(626, 8, 15, 'PKD', '2021-12-06', '2021-11-22 05:55:22', '3'),
(627, 8, 15, 'PKD', '2021-12-07', '2021-11-22 05:55:22', '3'),
(628, 8, 1, 'RPU', '2021-12-08', '2021-11-22 05:55:22', '1'),
(629, 8, 15, 'PKD', '2021-12-09', '2021-11-22 05:55:22', '3'),
(630, 8, 15, 'PKD', '2021-12-10', '2021-11-22 05:55:22', '3'),
(631, 8, 15, 'PKD', '2021-12-11', '2021-11-22 05:55:22', '3'),
(632, 8, 1, 'RPU', '2021-12-12', '2021-11-22 05:55:22', '-1'),
(633, 8, 2, 'PCare RPU', '2021-12-13', '2021-11-22 05:55:22', '1'),
(634, 8, 15, 'PKD', '2021-12-14', '2021-11-22 05:55:22', '3'),
(635, 8, 15, 'PKD', '2021-12-15', '2021-11-22 05:55:22', '3'),
(636, 8, 15, 'PKD', '2021-12-16', '2021-11-22 05:55:22', '3'),
(637, 8, 1, 'RPU', '2021-12-17', '2021-11-22 05:55:22', '1'),
(638, 8, 15, 'PKD', '2021-12-18', '2021-11-22 05:55:22', '3'),
(639, 8, 1, 'RPU', '2021-12-19', '2021-11-22 05:55:22', '-1'),
(640, 8, 1, 'RPU', '2021-12-20', '2021-11-22 05:55:22', '1'),
(641, 8, 1, 'RPU', '2021-12-21', '2021-11-22 05:55:22', '1'),
(642, 8, 15, 'PKD', '2021-12-22', '2021-11-22 05:55:22', '3'),
(643, 8, 15, 'PKD', '2021-12-23', '2021-11-22 05:55:22', '3'),
(644, 8, 13, 'Prolanis', '2021-12-24', '2021-11-22 05:55:22', '3'),
(645, 8, 1, 'RPU', '2021-12-25', '2021-11-22 05:55:22', '1'),
(646, 8, 1, 'RPU', '2021-12-26', '2021-11-22 05:55:22', '-1'),
(647, 8, 15, 'PKD', '2021-12-27', '2021-11-22 05:55:22', '3'),
(648, 8, 15, 'PKD', '2021-12-28', '2021-11-22 05:55:22', '3'),
(649, 8, 15, 'PKD', '2021-12-29', '2021-11-22 05:55:22', '3'),
(650, 8, 15, 'PKD', '2021-12-30', '2021-11-22 05:55:22', '3'),
(651, 8, 15, 'PKD', '2021-12-31', '2021-11-22 05:55:22', '3'),
(652, 9, 1, 'RPU', '2021-12-01', '2021-11-22 05:55:22', '2'),
(653, 9, 1, 'RPU', '2021-12-02', '2021-11-22 05:55:22', '2'),
(654, 9, 1, 'RPU', '2021-12-03', '2021-11-22 05:55:22', '2'),
(655, 9, 1, 'RPU', '2021-12-04', '2021-11-22 05:55:22', '2'),
(656, 9, 1, 'RPU', '2021-12-05', '2021-11-22 05:55:22', '-1'),
(657, 9, 1, 'RPU', '2021-12-06', '2021-11-22 05:55:22', '2'),
(658, 9, 2, 'PCare RPU', '2021-12-07', '2021-11-22 05:55:22', '2'),
(659, 9, 1, 'RPU', '2021-12-08', '2021-11-22 05:55:22', '2'),
(660, 9, 1, 'RPU', '2021-12-09', '2021-11-22 05:55:22', '2'),
(661, 9, 1, 'RPU', '2021-12-10', '2021-11-22 05:55:22', '2'),
(662, 9, 1, 'RPU', '2021-12-11', '2021-11-22 05:55:22', '2'),
(663, 9, 1, 'RPU', '2021-12-12', '2021-11-22 05:55:22', '-1'),
(664, 9, 1, 'RPU', '2021-12-13', '2021-11-22 05:55:22', '2'),
(665, 9, 1, 'RPU', '2021-12-14', '2021-11-22 05:55:22', '2'),
(666, 9, 1, 'RPU', '2021-12-15', '2021-11-22 05:55:22', '2'),
(667, 9, 1, 'RPU', '2021-12-16', '2021-11-22 05:55:22', '2'),
(668, 9, 2, 'PCare RPU', '2021-12-17', '2021-11-22 05:55:22', '2'),
(669, 9, 1, 'RPU', '2021-12-18', '2021-11-22 05:55:22', '2'),
(670, 9, 1, 'RPU', '2021-12-19', '2021-11-22 05:55:22', '-1'),
(671, 9, 1, 'RPU', '2021-12-20', '2021-11-22 05:55:22', '2'),
(672, 9, 1, 'RPU', '2021-12-21', '2021-11-22 05:55:22', '2'),
(673, 9, 1, 'RPU', '2021-12-22', '2021-11-22 05:55:22', '2'),
(674, 9, 1, 'RPU', '2021-12-23', '2021-11-22 05:55:22', '2'),
(675, 9, 1, 'RPU', '2021-12-24', '2021-11-22 05:55:22', '2'),
(676, 9, 1, 'RPU', '2021-12-25', '2021-11-22 05:55:22', '2'),
(677, 9, 1, 'RPU', '2021-12-26', '2021-11-22 05:55:22', '-1'),
(678, 9, 2, 'PCare RPU', '2021-12-27', '2021-11-22 05:55:22', '2'),
(679, 9, 2, 'PCare RPU', '2021-12-28', '2021-11-22 05:55:22', '2'),
(680, 9, 1, 'RPU', '2021-12-29', '2021-11-22 05:55:22', '2'),
(681, 9, 2, 'PCare RPU', '2021-12-30', '2021-11-22 05:55:22', '2'),
(682, 9, 2, 'PCare RPU', '2021-12-31', '2021-11-22 05:55:22', '2'),
(683, 10, 2, 'PCare RPU', '2021-12-01', '2021-11-22 05:55:22', '2'),
(684, 10, 1, 'RPU', '2021-12-02', '2021-11-22 05:55:22', '2'),
(685, 10, 1, 'RPU', '2021-12-03', '2021-11-22 05:55:22', '2'),
(686, 10, 1, 'RPU', '2021-12-04', '2021-11-22 05:55:22', '2'),
(687, 10, 1, 'RPU', '2021-12-05', '2021-11-22 05:55:22', '-1'),
(688, 10, 1, 'RPU', '2021-12-06', '2021-11-22 05:55:22', '2'),
(689, 10, 1, 'RPU', '2021-12-07', '2021-11-22 05:55:22', '2'),
(690, 10, 1, 'RPU', '2021-12-08', '2021-11-22 05:55:22', '2'),
(691, 10, 2, 'PCare RPU', '2021-12-09', '2021-11-22 05:55:22', '2'),
(692, 10, 3, 'R.Inf', '2021-12-10', '2021-11-22 05:55:22', '2'),
(693, 10, 1, 'RPU', '2021-12-11', '2021-11-22 05:55:22', '2'),
(694, 10, 2, 'PCare RPU', '2021-12-12', '2021-11-22 05:55:22', '-1'),
(695, 10, 1, 'RPU', '2021-12-13', '2021-11-22 05:55:22', '2'),
(696, 10, 1, 'RPU', '2021-12-14', '2021-11-22 05:55:22', '2'),
(697, 10, 1, 'RPU', '2021-12-15', '2021-11-22 05:55:22', '2'),
(698, 10, 1, 'RPU', '2021-12-16', '2021-11-22 05:55:22', '2'),
(699, 10, 1, 'RPU', '2021-12-17', '2021-11-22 05:55:22', '2'),
(700, 10, 1, 'RPU', '2021-12-18', '2021-11-22 05:55:22', '2'),
(701, 10, 2, 'PCare RPU', '2021-12-19', '2021-11-22 05:55:22', '-1'),
(702, 10, 1, 'RPU', '2021-12-20', '2021-11-22 05:55:22', '2'),
(703, 10, 1, 'RPU', '2021-12-21', '2021-11-22 05:55:22', '2'),
(704, 10, 1, 'RPU', '2021-12-22', '2021-11-22 05:55:22', '2'),
(705, 10, 2, 'PCare RPU', '2021-12-23', '2021-11-22 05:55:22', '2'),
(706, 10, 1, 'RPU', '2021-12-24', '2021-11-22 05:55:22', '2'),
(707, 10, 1, 'RPU', '2021-12-25', '2021-11-22 05:55:22', '2'),
(708, 10, 1, 'RPU', '2021-12-26', '2021-11-22 05:55:22', '-1'),
(709, 10, 2, 'PCare RPU', '2021-12-27', '2021-11-22 05:55:22', '2'),
(710, 10, 1, 'RPU', '2021-12-28', '2021-11-22 05:55:22', '2'),
(711, 10, 1, 'RPU', '2021-12-29', '2021-11-22 05:55:22', '2'),
(712, 10, 1, 'RPU', '2021-12-30', '2021-11-22 05:55:22', '2'),
(713, 10, 2, 'PCare RPU', '2021-12-31', '2021-11-22 05:55:22', '2'),
(714, 11, 1, 'RPU', '2021-12-01', '2021-11-22 05:55:22', '2'),
(715, 11, 1, 'RPU', '2021-12-02', '2021-11-22 05:55:22', '2'),
(716, 11, 1, 'RPU', '2021-12-03', '2021-11-22 05:55:22', '2'),
(717, 11, 1, 'RPU', '2021-12-04', '2021-11-22 05:55:22', '2'),
(718, 11, 1, 'RPU', '2021-12-05', '2021-11-22 05:55:22', '-1'),
(719, 11, 1, 'RPU', '2021-12-06', '2021-11-22 05:55:22', '2'),
(720, 11, 1, 'RPU', '2021-12-07', '2021-11-22 05:55:22', '2'),
(721, 11, 1, 'RPU', '2021-12-08', '2021-11-22 05:55:22', '2'),
(722, 11, 1, 'RPU', '2021-12-09', '2021-11-22 05:55:22', '2'),
(723, 11, 1, 'RPU', '2021-12-10', '2021-11-22 05:55:22', '2'),
(724, 11, 1, 'RPU', '2021-12-11', '2021-11-22 05:55:22', '2'),
(725, 11, 1, 'RPU', '2021-12-12', '2021-11-22 05:55:22', '-1'),
(726, 11, 1, 'RPU', '2021-12-13', '2021-11-22 05:55:22', '2'),
(727, 11, 1, 'RPU', '2021-12-14', '2021-11-22 05:55:22', '2'),
(728, 11, 1, 'RPU', '2021-12-15', '2021-11-22 05:55:22', '2'),
(729, 11, 1, 'RPU', '2021-12-16', '2021-11-22 05:55:22', '2'),
(730, 11, 1, 'RPU', '2021-12-17', '2021-11-22 05:55:22', '2'),
(731, 11, 1, 'RPU', '2021-12-18', '2021-11-22 05:55:22', '2'),
(732, 11, 1, 'RPU', '2021-12-19', '2021-11-22 05:55:22', '-1'),
(733, 11, 1, 'RPU', '2021-12-20', '2021-11-22 05:55:22', '2'),
(734, 11, 1, 'RPU', '2021-12-21', '2021-11-22 05:55:22', '2'),
(735, 11, 1, 'RPU', '2021-12-22', '2021-11-22 05:55:22', '2'),
(736, 11, 1, 'RPU', '2021-12-23', '2021-11-22 05:55:22', '2'),
(737, 11, 3, 'R.Inf', '2021-12-24', '2021-11-22 05:55:22', '2'),
(738, 11, 1, 'RPU', '2021-12-25', '2021-11-22 05:55:22', '2'),
(739, 11, 1, 'RPU', '2021-12-26', '2021-11-22 05:55:22', '-1'),
(740, 11, 1, 'RPU', '2021-12-27', '2021-11-22 05:55:22', '2'),
(741, 11, 1, 'RPU', '2021-12-28', '2021-11-22 05:55:22', '2'),
(742, 11, 1, 'RPU', '2021-12-29', '2021-11-22 05:55:22', '2'),
(743, 11, 1, 'RPU', '2021-12-30', '2021-11-22 05:55:22', '2'),
(744, 11, 1, 'RPU', '2021-12-31', '2021-11-22 05:55:22', '2'),
(745, 12, 1, 'RPU', '2021-12-01', '2021-11-22 05:55:22', '1'),
(746, 12, 10, 'Surveillance', '2021-12-02', '2021-11-22 05:55:22', '3'),
(747, 12, 10, 'Surveillance', '2021-12-03', '2021-11-22 05:55:22', '3'),
(748, 12, 10, 'Surveillance', '2021-12-04', '2021-11-22 05:55:22', '3'),
(749, 12, 1, '', '0000-00-00', '2021-11-22 05:55:22', ''),
(750, 12, 10, 'Surveillance', '2021-12-06', '2021-11-22 05:55:22', '3'),
(751, 12, 10, 'Surveillance', '2021-12-07', '2021-11-22 05:55:22', '3'),
(752, 12, 10, 'Surveillance', '2021-12-08', '2021-11-22 05:55:22', '3'),
(753, 12, 1, 'RPU', '2021-12-09', '2021-11-22 05:55:22', '1'),
(754, 12, 1, 'RPU', '2021-12-10', '2021-11-22 05:55:22', '1'),
(755, 12, 1, 'RPU', '2021-12-11', '2021-11-22 05:55:22', '1'),
(756, 12, 1, '', '0000-00-00', '2021-11-22 05:55:22', ''),
(757, 12, 10, 'Surveillance', '2021-12-13', '2021-11-22 05:55:22', '3'),
(758, 12, 1, 'RPU', '2021-12-14', '2021-11-22 05:55:22', '1'),
(759, 12, 10, 'Surveillance', '2021-12-15', '2021-11-22 05:55:22', '3'),
(760, 12, 10, 'Surveillance', '2021-12-16', '2021-11-22 05:55:22', '3'),
(761, 12, 10, 'Surveillance', '2021-12-17', '2021-11-22 05:55:22', '3'),
(762, 12, 1, 'RPU', '2021-12-18', '2021-11-22 05:55:22', '1'),
(763, 12, 1, '', '0000-00-00', '2021-11-22 05:55:22', ''),
(764, 12, 10, 'Surveillance', '2021-12-20', '2021-11-22 05:55:22', '3'),
(765, 12, 10, 'Surveillance', '2021-12-21', '2021-11-22 05:55:22', '3'),
(766, 12, 10, 'Surveillance', '2021-12-22', '2021-11-22 05:55:22', '3'),
(767, 12, 1, 'RPU', '2021-12-23', '2021-11-22 05:55:22', '1'),
(768, 12, 2, 'PCare RPU', '2021-12-24', '2021-11-22 05:55:22', '1'),
(769, 12, 10, 'Surveillance', '2021-12-25', '2021-11-22 05:55:22', '3'),
(770, 12, 1, '', '0000-00-00', '2021-11-22 05:55:22', ''),
(771, 12, 10, 'Surveillance', '2021-12-27', '2021-11-22 05:55:22', '3'),
(772, 12, 10, 'Surveillance', '2021-12-28', '2021-11-22 05:55:22', '3'),
(773, 12, 10, 'Surveillance', '2021-12-29', '2021-11-22 05:55:22', '3'),
(774, 12, 10, 'Surveillance', '2021-12-30', '2021-11-22 05:55:22', '3'),
(775, 12, 10, 'Surveillance', '2021-12-31', '2021-11-22 05:55:22', '3'),
(776, 13, 2, 'PCare RPU', '2021-12-01', '2021-11-22 05:55:22', '1'),
(777, 13, 2, 'PCare RPU', '2021-12-02', '2021-11-22 05:55:22', '1'),
(778, 13, 1, 'RPU', '2021-12-03', '2021-11-22 05:55:22', '1'),
(779, 13, 1, 'RPU', '2021-12-04', '2021-11-22 05:55:22', '1'),
(780, 13, 1, '', '0000-00-00', '2021-11-22 05:55:22', ''),
(781, 13, 2, 'PCare RPU', '2021-12-06', '2021-11-22 05:55:22', '1'),
(782, 13, 1, 'RPU', '2021-12-07', '2021-11-22 05:55:22', '1'),
(783, 13, 1, 'RPU', '2021-12-08', '2021-11-22 05:55:22', '1'),
(784, 13, 1, 'RPU', '2021-12-09', '2021-11-22 05:55:22', '1'),
(785, 13, 1, 'RPU', '2021-12-10', '2021-11-22 05:55:22', '1'),
(786, 13, 2, 'PCare RPU', '2021-12-11', '2021-11-22 05:55:22', '1'),
(787, 13, 1, '', '0000-00-00', '2021-11-22 05:55:22', ''),
(788, 13, 1, 'RPU', '2021-12-13', '2021-11-22 05:55:22', '1'),
(789, 13, 1, 'RPU', '2021-12-14', '2021-11-22 05:55:22', '1'),
(790, 13, 1, 'RPU', '2021-12-15', '2021-11-22 05:55:22', '1'),
(791, 13, 2, 'PCare RPU', '2021-12-16', '2021-11-22 05:55:22', '1'),
(792, 13, 1, 'RPU', '2021-12-17', '2021-11-22 05:55:22', '1'),
(793, 13, 1, 'RPU', '2021-12-18', '2021-11-22 05:55:22', '1'),
(794, 13, 1, '', '0000-00-00', '2021-11-22 05:55:22', ''),
(795, 13, 1, 'RPU', '2021-12-20', '2021-11-22 05:55:22', '1'),
(796, 13, 1, 'RPU', '2021-12-21', '2021-11-22 05:55:22', '1'),
(797, 13, 1, 'RPU', '2021-12-22', '2021-11-22 05:55:22', '1'),
(798, 13, 1, 'RPU', '2021-12-23', '2021-11-22 05:55:22', '1'),
(799, 13, 13, 'Prolanis', '2021-12-24', '2021-11-22 05:55:22', '3'),
(800, 13, 1, 'RPU', '2021-12-25', '2021-11-22 05:55:22', '1'),
(801, 13, 1, '', '0000-00-00', '2021-11-22 05:55:22', ''),
(802, 13, 1, 'RPU', '2021-12-27', '2021-11-22 05:55:22', '1'),
(803, 13, 2, 'PCare RPU', '2021-12-28', '2021-11-22 05:55:22', '1'),
(804, 13, 1, 'RPU', '2021-12-29', '2021-11-22 05:55:22', '1'),
(805, 13, 1, 'RPU', '2021-12-30', '2021-11-22 05:55:22', '1'),
(806, 13, 1, 'RPU', '2021-12-31', '2021-11-22 05:55:22', '1'),
(807, 1, 1, 'RPU', '2021-12-01', '2021-11-22 05:56:17', '3'),
(808, 1, 3, 'R.Inf', '2021-12-02', '2021-11-22 05:56:17', '3'),
(809, 1, 1, 'RPU', '2021-12-03', '2021-11-22 05:56:17', '3'),
(810, 1, 3, 'R.Inf', '2021-12-04', '2021-11-22 05:56:17', '3'),
(811, 1, 2, 'PCare RPU', '2021-12-05', '2021-11-22 05:56:17', '-1'),
(812, 1, 1, 'RPU', '2021-12-06', '2021-11-22 05:56:17', '3'),
(813, 1, 3, 'R.Inf', '2021-12-07', '2021-11-22 05:56:17', '3'),
(814, 1, 1, 'RPU', '2021-12-08', '2021-11-22 05:56:17', '3'),
(815, 1, 3, 'R.Inf', '2021-12-09', '2021-11-22 05:56:17', '3'),
(816, 1, 2, 'PCare RPU', '2021-12-10', '2021-11-22 05:56:17', '2'),
(817, 1, 2, 'PCare RPU', '2021-12-11', '2021-11-22 05:56:17', '2'),
(818, 1, 1, 'RPU', '2021-12-12', '2021-11-22 05:56:17', '-1'),
(819, 1, 4, 'IVA/PTM', '2021-12-13', '2021-11-22 05:56:17', '2'),
(820, 1, 3, 'R.Inf', '2021-12-14', '2021-11-22 05:56:17', '3'),
(821, 1, 1, 'RPU', '2021-12-15', '2021-11-22 05:56:17', '3'),
(822, 1, 3, 'R.Inf', '2021-12-16', '2021-11-22 05:56:17', '3'),
(823, 1, 1, 'RPU', '2021-12-17', '2021-11-22 05:56:17', '3'),
(824, 1, 2, 'PCare RPU', '2021-12-18', '2021-11-22 05:56:17', '2'),
(825, 1, 2, 'PCare RPU', '2021-12-19', '2021-11-22 05:56:17', '-1'),
(826, 1, 1, 'RPU', '2021-12-20', '2021-11-22 05:56:17', '3'),
(827, 1, 2, 'PCare RPU', '2021-12-21', '2021-11-22 05:56:17', '2'),
(828, 1, 2, 'PCare RPU', '2021-12-22', '2021-11-22 05:56:17', '2'),
(829, 1, 3, 'R.Inf', '2021-12-23', '2021-11-22 05:56:17', '3'),
(830, 1, 1, 'RPU', '2021-12-24', '2021-11-22 05:56:17', '3'),
(831, 1, 3, 'R.Inf', '2021-12-25', '2021-11-22 05:56:17', '3'),
(832, 1, 1, 'RPU', '2021-12-26', '2021-11-22 05:56:17', '-1'),
(833, 1, 1, 'RPU', '2021-12-27', '2021-11-22 05:56:17', '3'),
(834, 1, 3, 'R.Inf', '2021-12-28', '2021-11-22 05:56:17', '3'),
(835, 1, 1, 'RPU', '2021-12-29', '2021-11-22 05:56:17', '3'),
(836, 1, 3, 'R.Inf', '2021-12-30', '2021-11-22 05:56:17', '3'),
(837, 1, 1, 'RPU', '2021-12-31', '2021-11-22 05:56:17', '3'),
(838, 2, 3, 'R.Inf', '2021-12-01', '2021-11-22 05:56:17', '3'),
(839, 2, 1, 'RPU', '2021-12-02', '2021-11-22 05:56:17', '3'),
(840, 2, 3, 'R.Inf', '2021-12-03', '2021-11-22 05:56:17', '3'),
(841, 2, 6, 'KR', '2021-12-04', '2021-11-22 05:56:17', '2'),
(842, 2, 1, 'RPU', '2021-12-05', '2021-11-22 05:56:17', '-1'),
(843, 2, 3, 'R.Inf', '2021-12-06', '2021-11-22 05:56:17', '3'),
(844, 2, 1, 'RPU', '2021-12-07', '2021-11-22 05:56:17', '3'),
(845, 2, 3, 'R.Inf', '2021-12-08', '2021-11-22 05:56:17', '3'),
(846, 2, 1, 'RPU', '2021-12-09', '2021-11-22 05:56:17', '3'),
(847, 2, 3, 'R.Inf', '2021-12-10', '2021-11-22 05:56:17', '3'),
(848, 2, 1, 'RPU', '2021-12-11', '2021-11-22 05:56:17', '3'),
(849, 2, 2, 'PCare RPU', '2021-12-12', '2021-11-22 05:56:17', '-1'),
(850, 2, 3, 'R.Inf', '2021-12-13', '2021-11-22 05:56:17', '3'),
(851, 2, 4, 'IVA/PTM', '2021-12-14', '2021-11-22 05:56:17', '2'),
(852, 2, 2, 'PCare RPU', '2021-12-15', '2021-11-22 05:56:17', '2'),
(853, 2, 1, 'RPU', '2021-12-16', '2021-11-22 05:56:17', '3'),
(854, 2, 3, 'R.Inf', '2021-12-17', '2021-11-22 05:56:17', '3'),
(855, 2, 1, 'RPU', '2021-12-18', '2021-11-22 05:56:17', '3'),
(856, 2, 1, 'RPU', '2021-12-19', '2021-11-22 05:56:17', '-1'),
(857, 2, 3, 'R.Inf', '2021-12-20', '2021-11-22 05:56:17', '3'),
(858, 2, 2, 'PCare RPU', '2021-12-21', '2021-11-22 05:56:17', '2'),
(859, 2, 3, 'R.Inf', '2021-12-22', '2021-11-22 05:56:17', '3'),
(860, 2, 1, 'RPU', '2021-12-23', '2021-11-22 05:56:17', '3'),
(861, 2, 3, 'R.Inf', '2021-12-24', '2021-11-22 05:56:17', '3'),
(862, 2, 1, 'RPU', '2021-12-25', '2021-11-22 05:56:17', '3'),
(863, 2, 1, 'RPU', '2021-12-26', '2021-11-22 05:56:17', '-1'),
(864, 2, 3, 'R.Inf', '2021-12-27', '2021-11-22 05:56:17', '3'),
(865, 2, 1, 'RPU', '2021-12-28', '2021-11-22 05:56:17', '3'),
(866, 2, 3, 'R.Inf', '2021-12-29', '2021-11-22 05:56:17', '3'),
(867, 2, 2, 'PCare RPU', '2021-12-30', '2021-11-22 05:56:17', '2'),
(868, 2, 2, 'PCare RPU', '2021-12-31', '2021-11-22 05:56:17', '2'),
(869, 3, 1, 'RPU', '2021-12-01', '2021-11-22 05:56:17', '2'),
(870, 3, 2, 'PCare RPU', '2021-12-02', '2021-11-22 05:56:17', '2'),
(871, 3, 1, 'RPU', '2021-12-03', '2021-11-22 05:56:17', '2'),
(872, 3, 2, 'PCare RPU', '2021-12-04', '2021-11-22 05:56:17', '2'),
(873, 3, 1, 'RPU', '2021-12-05', '2021-11-22 05:56:17', '-1'),
(874, 3, 1, 'RPU', '2021-12-06', '2021-11-22 05:56:17', '2'),
(875, 3, 1, 'RPU', '2021-12-07', '2021-11-22 05:56:17', '2'),
(876, 3, 1, 'RPU', '2021-12-08', '2021-11-22 05:56:17', '2'),
(877, 3, 1, 'RPU', '2021-12-09', '2021-11-22 05:56:17', '2'),
(878, 3, 1, 'RPU', '2021-12-10', '2021-11-22 05:56:17', '2'),
(879, 3, 5, 'PB', '2021-12-11', '2021-11-22 05:56:17', '3'),
(880, 3, 1, 'RPU', '2021-12-12', '2021-11-22 05:56:17', '-1'),
(881, 3, 2, 'PCare RPU', '2021-12-13', '2021-11-22 05:56:17', '2'),
(882, 3, 1, 'RPU', '2021-12-14', '2021-11-22 05:56:17', '2'),
(883, 3, 1, 'RPU', '2021-12-15', '2021-11-22 05:56:17', '2'),
(884, 3, 1, 'RPU', '2021-12-16', '2021-11-22 05:56:17', '2'),
(885, 3, 1, 'RPU', '2021-12-17', '2021-11-22 05:56:17', '2'),
(886, 3, 1, 'RPU', '2021-12-18', '2021-11-22 05:56:17', '2'),
(887, 3, 3, 'R.Inf', '2021-12-19', '2021-11-22 05:56:17', '-1'),
(888, 3, 1, 'RPU', '2021-12-20', '2021-11-22 05:56:17', '2'),
(889, 3, 2, 'PCare RPU', '2021-12-21', '2021-11-22 05:56:17', '2'),
(890, 3, 1, 'RPU', '2021-12-22', '2021-11-22 05:56:17', '2'),
(891, 3, 1, 'RPU', '2021-12-23', '2021-11-22 05:56:17', '2'),
(892, 3, 1, 'RPU', '2021-12-24', '2021-11-22 05:56:17', '2'),
(893, 3, 1, 'RPU', '2021-12-25', '2021-11-22 05:56:17', '2'),
(894, 3, 2, 'PCare RPU', '2021-12-26', '2021-11-22 05:56:17', '-1'),
(895, 3, 1, 'RPU', '2021-12-27', '2021-11-22 05:56:17', '2'),
(896, 3, 1, 'RPU', '2021-12-28', '2021-11-22 05:56:17', '2'),
(897, 3, 1, 'RPU', '2021-12-29', '2021-11-22 05:56:17', '2'),
(898, 3, 1, 'RPU', '2021-12-30', '2021-11-22 05:56:17', '2'),
(899, 3, 1, 'RPU', '2021-12-31', '2021-11-22 05:56:17', '2'),
(900, 4, 1, 'RPU', '2021-12-01', '2021-11-22 05:56:17', '2'),
(901, 4, 1, 'RPU', '2021-12-02', '2021-11-22 05:56:17', '2'),
(902, 4, 4, 'IVA/PTM', '2021-12-03', '2021-11-22 05:56:17', '2'),
(903, 4, 1, 'RPU', '2021-12-04', '2021-11-22 05:56:17', '2'),
(904, 4, 1, 'RPU', '2021-12-05', '2021-11-22 05:56:17', '-1'),
(905, 4, 1, 'RPU', '2021-12-06', '2021-11-22 05:56:17', '2'),
(906, 4, 5, 'PB', '2021-12-07', '2021-11-22 05:56:17', '3'),
(907, 4, 1, 'RPU', '2021-12-08', '2021-11-22 05:56:17', '2'),
(908, 4, 5, 'PB', '2021-12-09', '2021-11-22 05:56:17', '3'),
(909, 4, 1, 'RPU', '2021-12-10', '2021-11-22 05:56:17', '2'),
(910, 4, 1, 'RPU', '2021-12-11', '2021-11-22 05:56:17', '2'),
(911, 4, 1, 'RPU', '2021-12-12', '2021-11-22 05:56:17', '-1'),
(912, 4, 1, 'RPU', '2021-12-13', '2021-11-22 05:56:17', '2'),
(913, 4, 1, 'RPU', '2021-12-14', '2021-11-22 05:56:17', '2'),
(914, 4, 1, 'RPU', '2021-12-15', '2021-11-22 05:56:17', '2'),
(915, 4, 1, 'RPU', '2021-12-16', '2021-11-22 05:56:17', '2'),
(916, 4, 1, 'RPU', '2021-12-17', '2021-11-22 05:56:17', '2'),
(917, 4, 3, 'R.Inf', '2021-12-18', '2021-11-22 05:56:17', '2'),
(918, 4, 1, 'RPU', '2021-12-19', '2021-11-22 05:56:17', '-1'),
(919, 4, 1, 'RPU', '2021-12-20', '2021-11-22 05:56:17', '2'),
(920, 4, 2, 'PCare RPU', '2021-12-21', '2021-11-22 05:56:17', '2'),
(921, 4, 1, 'RPU', '2021-12-22', '2021-11-22 05:56:17', '2'),
(922, 4, 1, 'RPU', '2021-12-23', '2021-11-22 05:56:17', '2'),
(923, 4, 1, 'RPU', '2021-12-24', '2021-11-22 05:56:17', '2'),
(924, 4, 2, 'PCare RPU', '2021-12-25', '2021-11-22 05:56:17', '2'),
(925, 4, 1, 'RPU', '2021-12-26', '2021-11-22 05:56:17', '-1'),
(926, 4, 1, 'RPU', '2021-12-27', '2021-11-22 05:56:17', '2'),
(927, 4, 1, 'RPU', '2021-12-28', '2021-11-22 05:56:17', '2'),
(928, 4, 1, 'RPU', '2021-12-29', '2021-11-22 05:56:17', '2'),
(929, 4, 1, 'RPU', '2021-12-30', '2021-11-22 05:56:17', '2'),
(930, 4, 2, 'PCare RPU', '2021-12-31', '2021-11-22 05:56:17', '2'),
(931, 5, 1, 'RPU', '2021-12-01', '2021-11-22 05:56:17', '2'),
(932, 5, 1, 'RPU', '2021-12-02', '2021-11-22 05:56:17', '2'),
(933, 5, 1, 'RPU', '2021-12-03', '2021-11-22 05:56:17', '2'),
(934, 5, 1, 'RPU', '2021-12-04', '2021-11-22 05:56:17', '2'),
(935, 5, 1, 'RPU', '2021-12-05', '2021-11-22 05:56:17', '-1'),
(936, 5, 1, 'RPU', '2021-12-06', '2021-11-22 05:56:17', '2'),
(937, 5, 1, 'RPU', '2021-12-07', '2021-11-22 05:56:17', '2'),
(938, 5, 2, 'PCare RPU', '2021-12-08', '2021-11-22 05:56:17', '2'),
(939, 5, 1, 'RPU', '2021-12-09', '2021-11-22 05:56:17', '2'),
(940, 5, 1, 'RPU', '2021-12-10', '2021-11-22 05:56:17', '2'),
(941, 5, 1, 'RPU', '2021-12-11', '2021-11-22 05:56:17', '2'),
(942, 5, 1, 'RPU', '2021-12-12', '2021-11-22 05:56:17', '-1'),
(943, 5, 5, 'PB', '2021-12-13', '2021-11-22 05:56:17', '3'),
(944, 5, 1, 'RPU', '2021-12-14', '2021-11-22 05:56:17', '2'),
(945, 5, 1, 'RPU', '2021-12-15', '2021-11-22 05:56:17', '2'),
(946, 5, 1, 'RPU', '2021-12-16', '2021-11-22 05:56:17', '2'),
(947, 5, 1, 'RPU', '2021-12-17', '2021-11-22 05:56:17', '2'),
(948, 5, 1, 'RPU', '2021-12-18', '2021-11-22 05:56:17', '2'),
(949, 5, 1, 'RPU', '2021-12-19', '2021-11-22 05:56:17', '-1'),
(950, 5, 1, 'RPU', '2021-12-20', '2021-11-22 05:56:17', '2'),
(951, 5, 1, 'RPU', '2021-12-21', '2021-11-22 05:56:17', '2'),
(952, 5, 1, 'RPU', '2021-12-22', '2021-11-22 05:56:17', '2'),
(953, 5, 5, 'PB', '2021-12-23', '2021-11-22 05:56:17', '3'),
(954, 5, 3, 'R.Inf', '2021-12-24', '2021-11-22 05:56:17', '2'),
(955, 5, 2, 'PCare RPU', '2021-12-25', '2021-11-22 05:56:17', '2'),
(956, 5, 1, 'RPU', '2021-12-26', '2021-11-22 05:56:17', '-1'),
(957, 5, 1, 'RPU', '2021-12-27', '2021-11-22 05:56:17', '2'),
(958, 5, 1, 'RPU', '2021-12-28', '2021-11-22 05:56:17', '2'),
(959, 5, 1, 'RPU', '2021-12-29', '2021-11-22 05:56:17', '2'),
(960, 5, 2, 'PCare RPU', '2021-12-30', '2021-11-22 05:56:17', '2'),
(961, 5, 3, 'R.Inf', '2021-12-31', '2021-11-22 05:56:17', '2'),
(962, 6, 1, 'RPU', '2021-12-01', '2021-11-22 05:56:17', '2'),
(963, 6, 2, 'PCare RPU', '2021-12-02', '2021-11-22 05:56:17', '2'),
(964, 6, 1, 'RPU', '2021-12-03', '2021-11-22 05:56:17', '2'),
(965, 6, 1, 'RPU', '2021-12-04', '2021-11-22 05:56:17', '2'),
(966, 6, 1, 'RPU', '2021-12-05', '2021-11-22 05:56:17', '-1'),
(967, 6, 3, 'R.Inf', '2021-12-06', '2021-11-22 05:56:17', '3'),
(968, 6, 1, 'RPU', '2021-12-07', '2021-11-22 05:56:17', '2'),
(969, 6, 1, 'RPU', '2021-12-08', '2021-11-22 05:56:17', '2'),
(970, 6, 1, 'RPU', '2021-12-09', '2021-11-22 05:56:17', '2'),
(971, 6, 1, 'RPU', '2021-12-10', '2021-11-22 05:56:17', '2'),
(972, 6, 1, 'RPU', '2021-12-11', '2021-11-22 05:56:17', '2'),
(973, 6, 1, 'RPU', '2021-12-12', '2021-11-22 05:56:17', '-1'),
(974, 6, 3, 'R.Inf', '2021-12-13', '2021-11-22 05:56:17', '3'),
(975, 6, 1, 'RPU', '2021-12-14', '2021-11-22 05:56:17', '2'),
(976, 6, 1, 'RPU', '2021-12-15', '2021-11-22 05:56:17', '2'),
(977, 6, 1, 'RPU', '2021-12-16', '2021-11-22 05:56:17', '2'),
(978, 6, 1, 'RPU', '2021-12-17', '2021-11-22 05:56:17', '2'),
(979, 6, 1, 'RPU', '2021-12-18', '2021-11-22 05:56:17', '2'),
(980, 6, 1, 'RPU', '2021-12-19', '2021-11-22 05:56:17', '-1'),
(981, 6, 1, 'RPU', '2021-12-20', '2021-11-22 05:56:17', '2'),
(982, 6, 1, 'RPU', '2021-12-21', '2021-11-22 05:56:17', '2'),
(983, 6, 2, 'PCare RPU', '2021-12-22', '2021-11-22 05:56:17', '2'),
(984, 6, 1, 'RPU', '2021-12-23', '2021-11-22 05:56:17', '2'),
(985, 6, 1, 'RPU', '2021-12-24', '2021-11-22 05:56:17', '2'),
(986, 6, 1, 'RPU', '2021-12-25', '2021-11-22 05:56:17', '2'),
(987, 6, 1, 'RPU', '2021-12-26', '2021-11-22 05:56:17', '-1'),
(988, 6, 1, 'RPU', '2021-12-27', '2021-11-22 05:56:17', '2'),
(989, 6, 1, 'RPU', '2021-12-28', '2021-11-22 05:56:17', '2'),
(990, 6, 1, 'RPU', '2021-12-29', '2021-11-22 05:56:17', '2'),
(991, 6, 1, 'RPU', '2021-12-30', '2021-11-22 05:56:17', '2'),
(992, 6, 1, 'RPU', '2021-12-31', '2021-11-22 05:56:17', '2'),
(993, 7, 2, 'PCare RPU', '2021-12-01', '2021-11-22 05:56:17', '2'),
(994, 7, 1, 'RPU', '2021-12-02', '2021-11-22 05:56:17', '2'),
(995, 7, 1, 'RPU', '2021-12-03', '2021-11-22 05:56:17', '2'),
(996, 7, 1, 'RPU', '2021-12-04', '2021-11-22 05:56:17', '2'),
(997, 7, 1, 'RPU', '2021-12-05', '2021-11-22 05:56:17', '-1'),
(998, 7, 1, 'RPU', '2021-12-06', '2021-11-22 05:56:17', '2'),
(999, 7, 1, 'RPU', '2021-12-07', '2021-11-22 05:56:17', '2'),
(1000, 7, 1, 'RPU', '2021-12-08', '2021-11-22 05:56:17', '2'),
(1001, 7, 1, 'RPU', '2021-12-09', '2021-11-22 05:56:17', '2'),
(1002, 7, 1, 'RPU', '2021-12-10', '2021-11-22 05:56:17', '2'),
(1003, 7, 1, 'RPU', '2021-12-11', '2021-11-22 05:56:17', '2'),
(1004, 7, 1, 'RPU', '2021-12-12', '2021-11-22 05:56:17', '-1'),
(1005, 7, 1, 'RPU', '2021-12-13', '2021-11-22 05:56:17', '2'),
(1006, 7, 1, 'RPU', '2021-12-14', '2021-11-22 05:56:17', '2'),
(1007, 7, 2, 'PCare RPU', '2021-12-15', '2021-11-22 05:56:17', '2'),
(1008, 7, 2, 'PCare RPU', '2021-12-16', '2021-11-22 05:56:17', '2'),
(1009, 7, 1, 'RPU', '2021-12-17', '2021-11-22 05:56:17', '2'),
(1010, 7, 1, 'RPU', '2021-12-18', '2021-11-22 05:56:17', '2'),
(1011, 7, 1, 'RPU', '2021-12-19', '2021-11-22 05:56:17', '-1'),
(1012, 7, 1, 'RPU', '2021-12-20', '2021-11-22 05:56:17', '2'),
(1013, 7, 3, 'R.Inf', '2021-12-21', '2021-11-22 05:56:17', '2'),
(1014, 7, 1, 'RPU', '2021-12-22', '2021-11-22 05:56:17', '2'),
(1015, 7, 1, 'RPU', '2021-12-23', '2021-11-22 05:56:17', '2'),
(1016, 7, 1, 'RPU', '2021-12-24', '2021-11-22 05:56:17', '2'),
(1017, 7, 1, 'RPU', '2021-12-25', '2021-11-22 05:56:17', '2'),
(1018, 7, 1, 'RPU', '2021-12-26', '2021-11-22 05:56:17', '-1'),
(1019, 7, 2, 'PCare RPU', '2021-12-27', '2021-11-22 05:56:17', '2'),
(1020, 7, 1, 'RPU', '2021-12-28', '2021-11-22 05:56:17', '2'),
(1021, 7, 1, 'RPU', '2021-12-29', '2021-11-22 05:56:17', '2'),
(1022, 7, 1, 'RPU', '2021-12-30', '2021-11-22 05:56:17', '2'),
(1023, 7, 1, 'RPU', '2021-12-31', '2021-11-22 05:56:17', '2'),
(1024, 8, 15, 'PKD', '2021-12-01', '2021-11-22 05:56:17', '3'),
(1025, 8, 15, 'PKD', '2021-12-02', '2021-11-22 05:56:17', '3'),
(1026, 8, 15, 'PKD', '2021-12-03', '2021-11-22 05:56:17', '3'),
(1027, 8, 15, 'PKD', '2021-12-04', '2021-11-22 05:56:17', '3'),
(1028, 8, 1, 'RPU', '2021-12-05', '2021-11-22 05:56:17', '-1'),
(1029, 8, 15, 'PKD', '2021-12-06', '2021-11-22 05:56:17', '3'),
(1030, 8, 15, 'PKD', '2021-12-07', '2021-11-22 05:56:17', '3'),
(1031, 8, 1, 'RPU', '2021-12-08', '2021-11-22 05:56:17', '1'),
(1032, 8, 15, 'PKD', '2021-12-09', '2021-11-22 05:56:17', '3'),
(1033, 8, 15, 'PKD', '2021-12-10', '2021-11-22 05:56:17', '3'),
(1034, 8, 15, 'PKD', '2021-12-11', '2021-11-22 05:56:17', '3'),
(1035, 8, 1, 'RPU', '2021-12-12', '2021-11-22 05:56:17', '-1'),
(1036, 8, 2, 'PCare RPU', '2021-12-13', '2021-11-22 05:56:17', '1'),
(1037, 8, 15, 'PKD', '2021-12-14', '2021-11-22 05:56:17', '3'),
(1038, 8, 15, 'PKD', '2021-12-15', '2021-11-22 05:56:17', '3'),
(1039, 8, 15, 'PKD', '2021-12-16', '2021-11-22 05:56:17', '3'),
(1040, 8, 1, 'RPU', '2021-12-17', '2021-11-22 05:56:17', '1'),
(1041, 8, 15, 'PKD', '2021-12-18', '2021-11-22 05:56:17', '3'),
(1042, 8, 1, 'RPU', '2021-12-19', '2021-11-22 05:56:17', '-1'),
(1043, 8, 1, 'RPU', '2021-12-20', '2021-11-22 05:56:17', '1'),
(1044, 8, 1, 'RPU', '2021-12-21', '2021-11-22 05:56:17', '1'),
(1045, 8, 15, 'PKD', '2021-12-22', '2021-11-22 05:56:17', '3'),
(1046, 8, 15, 'PKD', '2021-12-23', '2021-11-22 05:56:17', '3'),
(1047, 8, 13, 'Prolanis', '2021-12-24', '2021-11-22 05:56:17', '3'),
(1048, 8, 1, 'RPU', '2021-12-25', '2021-11-22 05:56:17', '1'),
(1049, 8, 1, 'RPU', '2021-12-26', '2021-11-22 05:56:17', '-1'),
(1050, 8, 15, 'PKD', '2021-12-27', '2021-11-22 05:56:17', '3'),
(1051, 8, 15, 'PKD', '2021-12-28', '2021-11-22 05:56:17', '3'),
(1052, 8, 15, 'PKD', '2021-12-29', '2021-11-22 05:56:17', '3'),
(1053, 8, 15, 'PKD', '2021-12-30', '2021-11-22 05:56:17', '3'),
(1054, 8, 15, 'PKD', '2021-12-31', '2021-11-22 05:56:17', '3'),
(1055, 9, 1, 'RPU', '2021-12-01', '2021-11-22 05:56:17', '2'),
(1056, 9, 1, 'RPU', '2021-12-02', '2021-11-22 05:56:17', '2'),
(1057, 9, 1, 'RPU', '2021-12-03', '2021-11-22 05:56:17', '2'),
(1058, 9, 1, 'RPU', '2021-12-04', '2021-11-22 05:56:17', '2'),
(1059, 9, 1, 'RPU', '2021-12-05', '2021-11-22 05:56:17', '-1'),
(1060, 9, 1, 'RPU', '2021-12-06', '2021-11-22 05:56:17', '2'),
(1061, 9, 2, 'PCare RPU', '2021-12-07', '2021-11-22 05:56:17', '2'),
(1062, 9, 1, 'RPU', '2021-12-08', '2021-11-22 05:56:17', '2'),
(1063, 9, 1, 'RPU', '2021-12-09', '2021-11-22 05:56:17', '2'),
(1064, 9, 1, 'RPU', '2021-12-10', '2021-11-22 05:56:17', '2'),
(1065, 9, 1, 'RPU', '2021-12-11', '2021-11-22 05:56:17', '2'),
(1066, 9, 1, 'RPU', '2021-12-12', '2021-11-22 05:56:17', '-1'),
(1067, 9, 1, 'RPU', '2021-12-13', '2021-11-22 05:56:17', '2'),
(1068, 9, 1, 'RPU', '2021-12-14', '2021-11-22 05:56:17', '2'),
(1069, 9, 1, 'RPU', '2021-12-15', '2021-11-22 05:56:17', '2'),
(1070, 9, 1, 'RPU', '2021-12-16', '2021-11-22 05:56:17', '2'),
(1071, 9, 2, 'PCare RPU', '2021-12-17', '2021-11-22 05:56:17', '2'),
(1072, 9, 1, 'RPU', '2021-12-18', '2021-11-22 05:56:17', '2'),
(1073, 9, 1, 'RPU', '2021-12-19', '2021-11-22 05:56:17', '-1'),
(1074, 9, 1, 'RPU', '2021-12-20', '2021-11-22 05:56:17', '2'),
(1075, 9, 1, 'RPU', '2021-12-21', '2021-11-22 05:56:17', '2'),
(1076, 9, 1, 'RPU', '2021-12-22', '2021-11-22 05:56:17', '2'),
(1077, 9, 1, 'RPU', '2021-12-23', '2021-11-22 05:56:17', '2'),
(1078, 9, 1, 'RPU', '2021-12-24', '2021-11-22 05:56:17', '2'),
(1079, 9, 1, 'RPU', '2021-12-25', '2021-11-22 05:56:17', '2'),
(1080, 9, 1, 'RPU', '2021-12-26', '2021-11-22 05:56:17', '-1'),
(1081, 9, 2, 'PCare RPU', '2021-12-27', '2021-11-22 05:56:17', '2'),
(1082, 9, 2, 'PCare RPU', '2021-12-28', '2021-11-22 05:56:17', '2'),
(1083, 9, 1, 'RPU', '2021-12-29', '2021-11-22 05:56:17', '2'),
(1084, 9, 2, 'PCare RPU', '2021-12-30', '2021-11-22 05:56:17', '2'),
(1085, 9, 2, 'PCare RPU', '2021-12-31', '2021-11-22 05:56:17', '2'),
(1086, 10, 2, 'PCare RPU', '2021-12-01', '2021-11-22 05:56:17', '2'),
(1087, 10, 1, 'RPU', '2021-12-02', '2021-11-22 05:56:17', '2'),
(1088, 10, 1, 'RPU', '2021-12-03', '2021-11-22 05:56:17', '2'),
(1089, 10, 1, 'RPU', '2021-12-04', '2021-11-22 05:56:17', '2'),
(1090, 10, 1, 'RPU', '2021-12-05', '2021-11-22 05:56:17', '-1'),
(1091, 10, 1, 'RPU', '2021-12-06', '2021-11-22 05:56:17', '2'),
(1092, 10, 1, 'RPU', '2021-12-07', '2021-11-22 05:56:17', '2'),
(1093, 10, 1, 'RPU', '2021-12-08', '2021-11-22 05:56:17', '2'),
(1094, 10, 2, 'PCare RPU', '2021-12-09', '2021-11-22 05:56:17', '2'),
(1095, 10, 3, 'R.Inf', '2021-12-10', '2021-11-22 05:56:17', '2'),
(1096, 10, 1, 'RPU', '2021-12-11', '2021-11-22 05:56:17', '2'),
(1097, 10, 2, 'PCare RPU', '2021-12-12', '2021-11-22 05:56:17', '-1'),
(1098, 10, 1, 'RPU', '2021-12-13', '2021-11-22 05:56:17', '2'),
(1099, 10, 1, 'RPU', '2021-12-14', '2021-11-22 05:56:17', '2'),
(1100, 10, 1, 'RPU', '2021-12-15', '2021-11-22 05:56:17', '2'),
(1101, 10, 1, 'RPU', '2021-12-16', '2021-11-22 05:56:17', '2'),
(1102, 10, 1, 'RPU', '2021-12-17', '2021-11-22 05:56:17', '2'),
(1103, 10, 1, 'RPU', '2021-12-18', '2021-11-22 05:56:17', '2'),
(1104, 10, 2, 'PCare RPU', '2021-12-19', '2021-11-22 05:56:17', '-1'),
(1105, 10, 1, 'RPU', '2021-12-20', '2021-11-22 05:56:17', '2'),
(1106, 10, 1, 'RPU', '2021-12-21', '2021-11-22 05:56:17', '2'),
(1107, 10, 1, 'RPU', '2021-12-22', '2021-11-22 05:56:17', '2'),
(1108, 10, 2, 'PCare RPU', '2021-12-23', '2021-11-22 05:56:17', '2'),
(1109, 10, 1, 'RPU', '2021-12-24', '2021-11-22 05:56:17', '2'),
(1110, 10, 1, 'RPU', '2021-12-25', '2021-11-22 05:56:17', '2'),
(1111, 10, 1, 'RPU', '2021-12-26', '2021-11-22 05:56:17', '-1'),
(1112, 10, 2, 'PCare RPU', '2021-12-27', '2021-11-22 05:56:17', '2'),
(1113, 10, 1, 'RPU', '2021-12-28', '2021-11-22 05:56:17', '2'),
(1114, 10, 1, 'RPU', '2021-12-29', '2021-11-22 05:56:17', '2'),
(1115, 10, 1, 'RPU', '2021-12-30', '2021-11-22 05:56:17', '2'),
(1116, 10, 2, 'PCare RPU', '2021-12-31', '2021-11-22 05:56:17', '2'),
(1117, 11, 1, 'RPU', '2021-12-01', '2021-11-22 05:56:17', '2'),
(1118, 11, 1, 'RPU', '2021-12-02', '2021-11-22 05:56:17', '2'),
(1119, 11, 1, 'RPU', '2021-12-03', '2021-11-22 05:56:17', '2'),
(1120, 11, 1, 'RPU', '2021-12-04', '2021-11-22 05:56:17', '2'),
(1121, 11, 1, 'RPU', '2021-12-05', '2021-11-22 05:56:17', '-1'),
(1122, 11, 1, 'RPU', '2021-12-06', '2021-11-22 05:56:17', '2'),
(1123, 11, 1, 'RPU', '2021-12-07', '2021-11-22 05:56:17', '2'),
(1124, 11, 1, 'RPU', '2021-12-08', '2021-11-22 05:56:17', '2'),
(1125, 11, 1, 'RPU', '2021-12-09', '2021-11-22 05:56:17', '2'),
(1126, 11, 1, 'RPU', '2021-12-10', '2021-11-22 05:56:17', '2'),
(1127, 11, 1, 'RPU', '2021-12-11', '2021-11-22 05:56:17', '2'),
(1128, 11, 1, 'RPU', '2021-12-12', '2021-11-22 05:56:17', '-1'),
(1129, 11, 1, 'RPU', '2021-12-13', '2021-11-22 05:56:17', '2'),
(1130, 11, 1, 'RPU', '2021-12-14', '2021-11-22 05:56:17', '2'),
(1131, 11, 1, 'RPU', '2021-12-15', '2021-11-22 05:56:17', '2'),
(1132, 11, 1, 'RPU', '2021-12-16', '2021-11-22 05:56:17', '2'),
(1133, 11, 1, 'RPU', '2021-12-17', '2021-11-22 05:56:17', '2'),
(1134, 11, 1, 'RPU', '2021-12-18', '2021-11-22 05:56:17', '2'),
(1135, 11, 1, 'RPU', '2021-12-19', '2021-11-22 05:56:17', '-1'),
(1136, 11, 1, 'RPU', '2021-12-20', '2021-11-22 05:56:17', '2'),
(1137, 11, 1, 'RPU', '2021-12-21', '2021-11-22 05:56:17', '2'),
(1138, 11, 1, 'RPU', '2021-12-22', '2021-11-22 05:56:17', '2'),
(1139, 11, 1, 'RPU', '2021-12-23', '2021-11-22 05:56:17', '2'),
(1140, 11, 3, 'R.Inf', '2021-12-24', '2021-11-22 05:56:17', '2'),
(1141, 11, 1, 'RPU', '2021-12-25', '2021-11-22 05:56:17', '2'),
(1142, 11, 1, 'RPU', '2021-12-26', '2021-11-22 05:56:17', '-1'),
(1143, 11, 1, 'RPU', '2021-12-27', '2021-11-22 05:56:17', '2'),
(1144, 11, 1, 'RPU', '2021-12-28', '2021-11-22 05:56:17', '2'),
(1145, 11, 1, 'RPU', '2021-12-29', '2021-11-22 05:56:17', '2'),
(1146, 11, 1, 'RPU', '2021-12-30', '2021-11-22 05:56:17', '2'),
(1147, 11, 1, 'RPU', '2021-12-31', '2021-11-22 05:56:17', '2'),
(1148, 12, 1, 'RPU', '2021-12-01', '2021-11-22 05:56:17', '1'),
(1149, 12, 10, 'Surveillance', '2021-12-02', '2021-11-22 05:56:17', '3'),
(1150, 12, 10, 'Surveillance', '2021-12-03', '2021-11-22 05:56:17', '3'),
(1151, 12, 10, 'Surveillance', '2021-12-04', '2021-11-22 05:56:17', '3'),
(1152, 12, 1, '', '0000-00-00', '2021-11-22 05:56:17', ''),
(1153, 12, 10, 'Surveillance', '2021-12-06', '2021-11-22 05:56:17', '3'),
(1154, 12, 10, 'Surveillance', '2021-12-07', '2021-11-22 05:56:17', '3'),
(1155, 12, 10, 'Surveillance', '2021-12-08', '2021-11-22 05:56:17', '3'),
(1156, 12, 1, 'RPU', '2021-12-09', '2021-11-22 05:56:17', '1'),
(1157, 12, 1, 'RPU', '2021-12-10', '2021-11-22 05:56:17', '1'),
(1158, 12, 1, 'RPU', '2021-12-11', '2021-11-22 05:56:17', '1'),
(1159, 12, 1, '', '0000-00-00', '2021-11-22 05:56:17', ''),
(1160, 12, 10, 'Surveillance', '2021-12-13', '2021-11-22 05:56:17', '3'),
(1161, 12, 1, 'RPU', '2021-12-14', '2021-11-22 05:56:17', '1'),
(1162, 12, 10, 'Surveillance', '2021-12-15', '2021-11-22 05:56:17', '3'),
(1163, 12, 10, 'Surveillance', '2021-12-16', '2021-11-22 05:56:17', '3'),
(1164, 12, 10, 'Surveillance', '2021-12-17', '2021-11-22 05:56:17', '3'),
(1165, 12, 1, 'RPU', '2021-12-18', '2021-11-22 05:56:17', '1'),
(1166, 12, 1, '', '0000-00-00', '2021-11-22 05:56:17', ''),
(1167, 12, 10, 'Surveillance', '2021-12-20', '2021-11-22 05:56:17', '3'),
(1168, 12, 10, 'Surveillance', '2021-12-21', '2021-11-22 05:56:17', '3'),
(1169, 12, 10, 'Surveillance', '2021-12-22', '2021-11-22 05:56:17', '3'),
(1170, 12, 1, 'RPU', '2021-12-23', '2021-11-22 05:56:17', '1'),
(1171, 12, 2, 'PCare RPU', '2021-12-24', '2021-11-22 05:56:17', '1'),
(1172, 12, 10, 'Surveillance', '2021-12-25', '2021-11-22 05:56:17', '3'),
(1173, 12, 1, '', '0000-00-00', '2021-11-22 05:56:17', ''),
(1174, 12, 10, 'Surveillance', '2021-12-27', '2021-11-22 05:56:17', '3'),
(1175, 12, 10, 'Surveillance', '2021-12-28', '2021-11-22 05:56:17', '3'),
(1176, 12, 10, 'Surveillance', '2021-12-29', '2021-11-22 05:56:17', '3'),
(1177, 12, 10, 'Surveillance', '2021-12-30', '2021-11-22 05:56:17', '3'),
(1178, 12, 10, 'Surveillance', '2021-12-31', '2021-11-22 05:56:17', '3'),
(1179, 13, 2, 'PCare RPU', '2021-12-01', '2021-11-22 05:56:17', '1'),
(1180, 13, 2, 'PCare RPU', '2021-12-02', '2021-11-22 05:56:17', '1'),
(1181, 13, 1, 'RPU', '2021-12-03', '2021-11-22 05:56:17', '1'),
(1182, 13, 1, 'RPU', '2021-12-04', '2021-11-22 05:56:17', '1'),
(1183, 13, 1, '', '0000-00-00', '2021-11-22 05:56:17', ''),
(1184, 13, 2, 'PCare RPU', '2021-12-06', '2021-11-22 05:56:17', '1'),
(1185, 13, 1, 'RPU', '2021-12-07', '2021-11-22 05:56:17', '1'),
(1186, 13, 1, 'RPU', '2021-12-08', '2021-11-22 05:56:17', '1'),
(1187, 13, 1, 'RPU', '2021-12-09', '2021-11-22 05:56:17', '1'),
(1188, 13, 1, 'RPU', '2021-12-10', '2021-11-22 05:56:17', '1'),
(1189, 13, 2, 'PCare RPU', '2021-12-11', '2021-11-22 05:56:17', '1'),
(1190, 13, 1, '', '0000-00-00', '2021-11-22 05:56:17', ''),
(1191, 13, 1, 'RPU', '2021-12-13', '2021-11-22 05:56:17', '1'),
(1192, 13, 1, 'RPU', '2021-12-14', '2021-11-22 05:56:17', '1'),
(1193, 13, 1, 'RPU', '2021-12-15', '2021-11-22 05:56:17', '1'),
(1194, 13, 2, 'PCare RPU', '2021-12-16', '2021-11-22 05:56:17', '1'),
(1195, 13, 1, 'RPU', '2021-12-17', '2021-11-22 05:56:17', '1'),
(1196, 13, 1, 'RPU', '2021-12-18', '2021-11-22 05:56:17', '1'),
(1197, 13, 1, '', '0000-00-00', '2021-11-22 05:56:17', ''),
(1198, 13, 1, 'RPU', '2021-12-20', '2021-11-22 05:56:17', '1'),
(1199, 13, 1, 'RPU', '2021-12-21', '2021-11-22 05:56:17', '1'),
(1200, 13, 1, 'RPU', '2021-12-22', '2021-11-22 05:56:17', '1'),
(1201, 13, 1, 'RPU', '2021-12-23', '2021-11-22 05:56:17', '1'),
(1202, 13, 13, 'Prolanis', '2021-12-24', '2021-11-22 05:56:17', '3'),
(1203, 13, 1, 'RPU', '2021-12-25', '2021-11-22 05:56:17', '1'),
(1204, 13, 1, '', '0000-00-00', '2021-11-22 05:56:17', ''),
(1205, 13, 1, 'RPU', '2021-12-27', '2021-11-22 05:56:17', '1');
INSERT INTO `penjadwalan_genetikas` (`id_penjadwalan_genetikas`, `id_pegawai`, `id_piket`, `kode_piket`, `tanggal_penjadwalan`, `tanggal_pembuatan_jadwal`, `nilai_fitness`) VALUES
(1206, 13, 2, 'PCare RPU', '2021-12-28', '2021-11-22 05:56:17', '1'),
(1207, 13, 1, 'RPU', '2021-12-29', '2021-11-22 05:56:17', '1'),
(1208, 13, 1, 'RPU', '2021-12-30', '2021-11-22 05:56:17', '1'),
(1209, 13, 1, 'RPU', '2021-12-31', '2021-11-22 05:56:17', '1'),
(1210, 1, 10, 'Surveillance', '2021-12-01', '2021-11-22 06:00:58', '2'),
(1211, 1, 3, 'R.Inf', '2021-12-02', '2021-11-22 06:00:58', '3'),
(1212, 1, 7, 'BDH', '2021-12-03', '2021-11-22 06:00:58', '2'),
(1213, 1, 7, 'BDH', '2021-12-04', '2021-11-22 06:00:58', '2'),
(1214, 1, 1, '', '0000-00-00', '2021-11-22 06:00:58', ''),
(1215, 1, 2, 'PCare RPU', '2021-12-06', '2021-11-22 06:00:58', '2'),
(1216, 1, 3, 'R.Inf', '2021-12-07', '2021-11-22 06:00:58', '3'),
(1217, 1, 1, 'RPU', '2021-12-08', '2021-11-22 06:00:58', '3'),
(1218, 1, 6, 'KR', '2021-12-09', '2021-11-22 06:00:58', '2'),
(1219, 1, 1, 'RPU', '2021-12-10', '2021-11-22 06:00:58', '3'),
(1220, 1, 11, 'SCR', '2021-12-11', '2021-11-22 06:00:58', '2'),
(1221, 1, 1, 'RPU', '2021-12-12', '2021-11-22 06:00:58', '-1'),
(1222, 1, 1, 'RPU', '2021-12-13', '2021-11-22 06:00:58', '3'),
(1223, 1, 8, 'Aster', '2021-12-14', '2021-11-22 06:00:58', '2'),
(1224, 1, 1, 'RPU', '2021-12-15', '2021-11-22 06:00:58', '3'),
(1225, 1, 10, 'Surveillance', '2021-12-16', '2021-11-22 06:00:58', '2'),
(1226, 1, 3, 'R.Inf', '2021-12-17', '2021-11-22 06:00:58', '1'),
(1227, 1, 4, 'IVA/PTM', '2021-12-18', '2021-11-22 06:00:58', '2'),
(1228, 1, 2, 'PCare RPU', '2021-12-19', '2021-11-22 06:00:58', '-1'),
(1229, 1, 7, 'BDH', '2021-12-20', '2021-11-22 06:00:58', '2'),
(1230, 1, 4, 'IVA/PTM', '2021-12-21', '2021-11-22 06:00:58', '2'),
(1231, 1, 6, 'KR', '2021-12-22', '2021-11-22 06:00:58', '2'),
(1232, 1, 3, 'R.Inf', '2021-12-23', '2021-11-22 06:00:58', '3'),
(1233, 1, 1, 'RPU', '2021-12-24', '2021-11-22 06:00:58', '3'),
(1234, 1, 11, 'SCR', '2021-12-25', '2021-11-22 06:00:58', '2'),
(1235, 1, 1, 'RPU', '2021-12-26', '2021-11-22 06:00:58', '-1'),
(1236, 1, 4, 'IVA/PTM', '2021-12-27', '2021-11-22 06:00:58', '2'),
(1237, 1, 12, 'KKR', '2021-12-28', '2021-11-22 06:00:58', '2'),
(1238, 1, 4, 'IVA/PTM', '2021-12-29', '2021-11-22 06:00:58', '2'),
(1239, 1, 7, 'BDH', '2021-12-30', '2021-11-22 06:00:58', '2'),
(1240, 1, 3, 'R.Inf', '2021-12-31', '2021-11-22 06:00:58', '1'),
(1241, 2, 6, 'KR', '2021-12-01', '2021-11-22 06:00:58', '2'),
(1242, 2, 5, 'PB', '2021-12-02', '2021-11-22 06:00:58', '2'),
(1243, 2, 4, 'IVA/PTM', '2021-12-03', '2021-11-22 06:00:58', '2'),
(1244, 2, 1, 'RPU', '2021-11-04', '2021-11-22 06:00:58', ''),
(1245, 2, 10, 'Surveillance', '2021-12-05', '2021-11-22 06:00:58', '-1'),
(1246, 2, 6, 'KR', '2021-12-06', '2021-11-22 06:00:58', '2'),
(1247, 2, 14, 'LP', '2021-12-07', '2021-11-22 06:00:58', '2'),
(1248, 2, 14, 'LP', '2021-12-08', '2021-11-22 06:00:58', '2'),
(1249, 2, 2, 'PCare RPU', '2021-12-09', '2021-11-22 06:00:58', '2'),
(1250, 2, 5, 'PB', '2021-12-10', '2021-11-22 06:00:58', '2'),
(1251, 2, 10, 'Surveillance', '2021-12-11', '2021-11-22 06:00:58', '2'),
(1252, 2, 4, 'IVA/PTM', '2021-12-12', '2021-11-22 06:00:58', '-1'),
(1253, 2, 8, 'Aster', '2021-12-13', '2021-11-22 06:00:58', '2'),
(1254, 2, 1, '', '0000-00-00', '2021-11-22 06:00:58', ''),
(1255, 2, 8, 'Aster', '2021-12-15', '2021-11-22 06:00:58', '2'),
(1256, 2, 6, 'KR', '2021-12-16', '2021-11-22 06:00:58', '2'),
(1257, 2, 6, 'KR', '2021-12-17', '2021-11-22 06:00:58', '2'),
(1258, 2, 6, 'KR', '2021-12-18', '2021-11-22 06:00:58', '2'),
(1259, 2, 4, 'IVA/PTM', '2021-12-19', '2021-11-22 06:00:58', '-1'),
(1260, 2, 10, 'Surveillance', '2021-12-20', '2021-11-22 06:00:58', '2'),
(1261, 2, 2, 'PCare RPU', '2021-12-21', '2021-11-22 06:00:58', '2'),
(1262, 2, 1, 'RPU', '2021-12-22', '2021-11-22 06:00:58', '1'),
(1263, 2, 1, '', '0000-00-00', '2021-11-22 06:00:58', ''),
(1264, 2, 2, 'PCare RPU', '2021-12-24', '2021-11-22 06:00:58', '2'),
(1265, 2, 4, 'IVA/PTM', '2021-12-25', '2021-11-22 06:00:58', '2'),
(1266, 2, 1, 'RPU', '2021-12-26', '2021-11-22 06:00:58', '-1'),
(1267, 2, 7, 'BDH', '2021-12-27', '2021-11-22 06:00:58', '2'),
(1268, 2, 2, 'PCare RPU', '2021-12-28', '2021-11-22 06:00:58', '2'),
(1269, 2, 3, 'R.Inf', '2021-12-29', '2021-11-22 06:00:58', '3'),
(1270, 2, 2, 'PCare RPU', '2021-12-30', '2021-11-22 06:00:58', '2'),
(1271, 2, 12, 'KKR', '2021-12-31', '2021-11-22 06:00:58', '2'),
(1272, 3, 7, 'BDH', '2021-12-01', '2021-11-22 06:00:58', '2'),
(1273, 3, 3, 'R.Inf', '2021-12-02', '2021-11-22 06:00:58', '2'),
(1274, 3, 6, 'KR', '2021-12-03', '2021-11-22 06:00:58', '2'),
(1275, 3, 3, 'R.Inf', '2021-12-04', '2021-11-22 06:00:58', '2'),
(1276, 3, 5, 'PB', '2021-12-05', '2021-11-22 06:00:58', '-1'),
(1277, 3, 1, '', '0000-00-00', '2021-11-22 06:00:58', ''),
(1278, 3, 1, 'RPU', '2021-12-07', '2021-11-22 06:00:58', '2'),
(1279, 3, 1, 'RPU', '2021-12-08', '2021-11-22 06:00:58', '2'),
(1280, 3, 13, 'Prolanis', '2021-12-09', '2021-11-22 06:00:58', '2'),
(1281, 3, 1, 'RPU', '2021-12-10', '2021-11-22 06:00:58', '2'),
(1282, 3, 3, 'R.Inf', '2021-12-11', '2021-11-22 06:00:58', '2'),
(1283, 3, 9, 'Mtbs/RT', '2021-12-12', '2021-11-22 06:00:58', '-1'),
(1284, 3, 1, 'RPU', '2021-12-13', '2021-11-22 06:00:58', '2'),
(1285, 3, 2, 'PCare RPU', '2021-12-14', '2021-11-22 06:00:58', '2'),
(1286, 3, 6, 'KR', '2021-12-15', '2021-11-22 06:00:58', '2'),
(1287, 3, 1, '', '0000-00-00', '2021-11-22 06:00:58', ''),
(1288, 3, 1, 'RPU', '2021-12-17', '2021-11-22 06:00:58', '2'),
(1289, 3, 15, 'PKD', '2021-12-18', '2021-11-22 06:00:58', '2'),
(1290, 3, 1, '', '0000-00-00', '2021-11-22 06:00:58', ''),
(1291, 3, 1, '', '0000-00-00', '2021-11-22 06:00:58', ''),
(1292, 3, 2, 'PCare RPU', '2021-12-21', '2021-11-22 06:00:58', '2'),
(1293, 3, 7, 'BDH', '2021-12-22', '2021-11-22 06:00:58', '2'),
(1294, 3, 1, '', '0000-00-00', '2021-11-22 06:00:58', ''),
(1295, 3, 14, 'LP', '2021-12-24', '2021-11-22 06:00:58', '2'),
(1296, 3, 2, 'PCare RPU', '2021-12-25', '2021-11-22 06:00:58', '2'),
(1297, 3, 1, '', '0000-00-00', '2021-11-22 06:00:58', ''),
(1298, 3, 7, 'BDH', '2021-12-27', '2021-11-22 06:00:58', '2'),
(1299, 3, 8, 'Aster', '2021-12-28', '2021-11-22 06:00:58', '2'),
(1300, 3, 7, 'BDH', '2021-12-29', '2021-11-22 06:00:58', '2'),
(1301, 3, 1, 'RPU', '2021-12-30', '2021-11-22 06:00:58', '2'),
(1302, 3, 1, 'RPU', '2021-12-31', '2021-11-22 06:00:58', '2'),
(1303, 4, 6, 'KR', '2021-12-01', '2021-11-22 06:00:58', '2'),
(1304, 4, 9, 'Mtbs/RT', '2021-12-02', '2021-11-22 06:00:58', '2'),
(1305, 4, 11, 'SCR', '2021-12-03', '2021-11-22 06:00:58', '2'),
(1306, 4, 4, 'IVA/PTM', '2021-12-04', '2021-11-22 06:00:58', '2'),
(1307, 4, 1, '', '0000-00-00', '2021-11-22 06:00:58', ''),
(1308, 4, 11, 'SCR', '2021-12-06', '2021-11-22 06:00:58', '2'),
(1309, 4, 9, 'Mtbs/RT', '2021-12-07', '2021-11-22 06:00:58', '2'),
(1310, 4, 6, 'KR', '2021-12-08', '2021-11-22 06:00:58', '2'),
(1311, 4, 4, 'IVA/PTM', '2021-12-09', '2021-11-22 06:00:58', '2'),
(1312, 4, 1, 'RPU', '2021-12-10', '2021-11-22 06:00:58', '2'),
(1313, 4, 8, 'Aster', '2021-12-11', '2021-11-22 06:00:58', '2'),
(1314, 4, 1, '', '0000-00-00', '2021-11-22 06:00:58', ''),
(1315, 4, 14, 'LP', '2021-12-13', '2021-11-22 06:00:58', '2'),
(1316, 4, 6, 'KR', '2021-12-14', '2021-11-22 06:00:58', '2'),
(1317, 4, 1, '', '0000-00-00', '2021-11-22 06:00:58', ''),
(1318, 4, 4, 'IVA/PTM', '2021-12-16', '2021-11-22 06:00:58', '2'),
(1319, 4, 4, 'IVA/PTM', '2021-12-17', '2021-11-22 06:00:58', '2'),
(1320, 4, 1, 'RPU', '2021-12-18', '2021-11-22 06:00:58', '2'),
(1321, 4, 1, '', '0000-00-00', '2021-11-22 06:00:58', ''),
(1322, 4, 1, 'RPU', '2021-12-20', '2021-11-22 06:00:58', '2'),
(1323, 4, 7, 'BDH', '2021-12-21', '2021-11-22 06:00:58', '2'),
(1324, 4, 13, 'Prolanis', '2021-12-22', '2021-11-22 06:00:58', '2'),
(1325, 4, 11, 'SCR', '2021-12-23', '2021-11-22 06:00:58', '2'),
(1326, 4, 2, 'PCare RPU', '2021-12-24', '2021-11-22 06:00:58', '2'),
(1327, 4, 1, 'RPU', '2021-12-25', '2021-11-22 06:00:58', '2'),
(1328, 4, 1, '', '0000-00-00', '2021-11-22 06:00:58', ''),
(1329, 4, 1, 'RPU', '2021-12-27', '2021-11-22 06:00:58', '2'),
(1330, 4, 11, 'SCR', '2021-12-28', '2021-11-22 06:00:58', '2'),
(1331, 4, 10, 'Surveillance', '2021-12-29', '2021-11-22 06:00:58', '2'),
(1332, 4, 6, 'KR', '2021-12-30', '2021-11-22 06:00:58', '2'),
(1333, 4, 2, 'PCare RPU', '2021-12-31', '2021-11-22 06:00:58', '2'),
(1334, 5, 4, 'IVA/PTM', '2021-12-01', '2021-11-22 06:00:58', '2'),
(1335, 5, 13, 'Prolanis', '2021-12-02', '2021-11-22 06:00:58', '2'),
(1336, 5, 7, 'BDH', '2021-12-03', '2021-11-22 06:00:58', '2'),
(1337, 5, 7, 'BDH', '2021-12-04', '2021-11-22 06:00:58', '2'),
(1338, 5, 1, '', '0000-00-00', '2021-11-22 06:00:58', ''),
(1339, 5, 1, '', '0000-00-00', '2021-11-22 06:00:58', ''),
(1340, 5, 6, 'KR', '2021-12-07', '2021-11-22 06:00:58', '2'),
(1341, 5, 1, 'RPU', '2021-12-08', '2021-11-22 06:00:58', '2'),
(1342, 5, 1, '', '0000-00-00', '2021-11-22 06:00:58', ''),
(1343, 5, 1, 'RPU', '2021-12-10', '2021-11-22 06:00:58', '2'),
(1344, 5, 2, 'PCare RPU', '2021-12-11', '2021-11-22 06:00:58', '2'),
(1345, 5, 1, '', '0000-00-00', '2021-11-22 06:00:58', ''),
(1346, 5, 1, 'RPU', '2021-12-13', '2021-11-22 06:00:58', '2'),
(1347, 5, 9, 'Mtbs/RT', '2021-12-14', '2021-11-22 06:00:58', '2'),
(1348, 5, 1, '', '0000-00-00', '2021-11-22 06:00:58', ''),
(1349, 5, 14, 'LP', '2021-12-16', '2021-11-22 06:00:58', '2'),
(1350, 5, 13, 'Prolanis', '2021-12-17', '2021-11-22 06:00:58', '2'),
(1351, 5, 9, 'Mtbs/RT', '2021-12-18', '2021-11-22 06:00:58', '2'),
(1352, 5, 1, '', '0000-00-00', '2021-11-22 06:00:58', ''),
(1353, 5, 1, '', '0000-00-00', '2021-11-22 06:00:58', ''),
(1354, 5, 2, 'PCare RPU', '2021-12-21', '2021-11-22 06:00:58', '2'),
(1355, 5, 6, 'KR', '2021-12-22', '2021-11-22 06:00:58', '2'),
(1356, 5, 1, 'RPU', '2021-12-23', '2021-11-22 06:00:58', '2'),
(1357, 5, 9, 'Mtbs/RT', '2021-12-24', '2021-11-22 06:00:58', '2'),
(1358, 5, 7, 'BDH', '2021-12-25', '2021-11-22 06:00:58', '2'),
(1359, 5, 1, '', '0000-00-00', '2021-11-22 06:00:58', ''),
(1360, 5, 7, 'BDH', '2021-12-27', '2021-11-22 06:00:58', '2'),
(1361, 5, 2, 'PCare RPU', '2021-12-28', '2021-11-22 06:00:58', '2'),
(1362, 5, 1, 'RPU', '2021-12-29', '2021-11-22 06:00:58', '2'),
(1363, 5, 7, 'BDH', '2021-12-30', '2021-11-22 06:00:58', '2'),
(1364, 5, 7, 'BDH', '2021-12-31', '2021-11-22 06:00:58', '2'),
(1365, 6, 14, 'LP', '2021-12-01', '2021-11-22 06:00:58', '2'),
(1366, 6, 2, 'PCare RPU', '2021-12-02', '2021-11-22 06:00:58', '2'),
(1367, 6, 5, 'PB', '2021-12-03', '2021-11-22 06:00:58', '2'),
(1368, 6, 2, 'PCare RPU', '2021-12-04', '2021-11-22 06:00:58', '2'),
(1369, 6, 1, '', '0000-00-00', '2021-11-22 06:00:58', ''),
(1370, 6, 5, 'PB', '2021-12-06', '2021-11-22 06:00:58', '2'),
(1371, 6, 12, 'KKR', '2021-12-07', '2021-11-22 06:00:58', '2'),
(1372, 6, 1, '', '0000-00-00', '2021-11-22 06:00:58', ''),
(1373, 6, 2, 'PCare RPU', '2021-12-09', '2021-11-22 06:00:58', '2'),
(1374, 6, 1, 'RPU', '2021-12-10', '2021-11-22 06:00:58', '2'),
(1375, 6, 5, 'PB', '2021-12-11', '2021-11-22 06:00:58', '2'),
(1376, 6, 1, '', '0000-00-00', '2021-11-22 06:00:58', ''),
(1377, 6, 3, 'R.Inf', '2021-12-13', '2021-11-22 06:00:58', '3'),
(1378, 6, 9, 'Mtbs/RT', '2021-12-14', '2021-11-22 06:00:58', '2'),
(1379, 6, 1, 'RPU', '2021-12-15', '2021-11-22 06:00:58', '2'),
(1380, 6, 7, 'BDH', '2021-12-16', '2021-11-22 06:00:58', '2'),
(1381, 6, 1, 'RPU', '2021-12-17', '2021-11-22 06:00:58', '2'),
(1382, 6, 5, 'PB', '2021-12-18', '2021-11-22 06:00:58', '2'),
(1383, 6, 1, '', '0000-00-00', '2021-11-22 06:00:58', ''),
(1384, 6, 1, 'RPU', '2021-12-20', '2021-11-22 06:00:58', '2'),
(1385, 6, 8, 'Aster', '2021-12-21', '2021-11-22 06:00:58', '2'),
(1386, 6, 12, 'KKR', '2021-12-22', '2021-11-22 06:00:58', '2'),
(1387, 6, 12, 'KKR', '2021-12-23', '2021-11-22 06:00:58', '2'),
(1388, 6, 7, 'BDH', '2021-12-24', '2021-11-22 06:00:58', '2'),
(1389, 6, 4, 'IVA/PTM', '2021-12-25', '2021-11-22 06:00:58', '2'),
(1390, 6, 1, '', '0000-00-00', '2021-11-22 06:00:58', ''),
(1391, 6, 9, 'Mtbs/RT', '2021-12-27', '2021-11-22 06:00:58', '2'),
(1392, 6, 2, 'PCare RPU', '2021-12-28', '2021-11-22 06:00:58', '2'),
(1393, 6, 12, 'KKR', '2021-12-29', '2021-11-22 06:00:58', '2'),
(1394, 6, 6, 'KR', '2021-12-30', '2021-11-22 06:00:58', '2'),
(1395, 6, 8, 'Aster', '2021-12-31', '2021-11-22 06:00:58', '2'),
(1396, 7, 1, 'RPU', '2021-12-01', '2021-11-22 06:00:58', '2'),
(1397, 7, 13, 'Prolanis', '2021-12-02', '2021-11-22 06:00:58', '2'),
(1398, 7, 2, 'PCare RPU', '2021-12-03', '2021-11-22 06:00:58', '2'),
(1399, 7, 11, 'SCR', '2021-12-04', '2021-11-22 06:00:58', '2'),
(1400, 7, 1, '', '0000-00-00', '2021-11-22 06:00:58', ''),
(1401, 7, 5, 'PB', '2021-12-06', '2021-11-22 06:00:58', '2'),
(1402, 7, 12, 'KKR', '2021-12-07', '2021-11-22 06:00:58', '2'),
(1403, 7, 5, 'PB', '2021-12-08', '2021-11-22 06:00:58', '2'),
(1404, 7, 1, '', '0000-00-00', '2021-11-22 06:00:58', ''),
(1405, 7, 1, 'RPU', '2021-12-10', '2021-11-22 06:00:58', '2'),
(1406, 7, 1, 'RPU', '2021-12-11', '2021-11-22 06:00:58', '2'),
(1407, 7, 1, '', '0000-00-00', '2021-11-22 06:00:58', ''),
(1408, 7, 14, 'LP', '2021-12-13', '2021-11-22 06:00:58', '2'),
(1409, 7, 2, 'PCare RPU', '2021-12-14', '2021-11-22 06:00:58', '2'),
(1410, 7, 3, 'R.Inf', '2021-12-15', '2021-11-22 06:00:58', '2'),
(1411, 7, 1, 'RPU', '2021-12-16', '2021-11-22 06:00:58', '2'),
(1412, 7, 6, 'KR', '2021-12-17', '2021-11-22 06:00:58', '2'),
(1413, 7, 10, 'Surveillance', '2021-12-18', '2021-11-22 06:00:58', '2'),
(1414, 7, 1, '', '0000-00-00', '2021-11-22 06:00:58', ''),
(1415, 7, 1, '', '0000-00-00', '2021-11-22 06:00:58', ''),
(1416, 7, 3, 'R.Inf', '2021-12-21', '2021-11-22 06:00:58', '2'),
(1417, 7, 2, 'PCare RPU', '2021-12-22', '2021-11-22 06:00:58', '2'),
(1418, 7, 7, 'BDH', '2021-12-23', '2021-11-22 06:00:58', '1'),
(1419, 7, 2, 'PCare RPU', '2021-12-24', '2021-11-22 06:00:58', '2'),
(1420, 7, 1, '', '0000-00-00', '2021-11-22 06:00:58', ''),
(1421, 7, 1, '', '0000-00-00', '2021-11-22 06:00:58', ''),
(1422, 7, 8, 'Aster', '2021-12-27', '2021-11-22 06:00:58', '2'),
(1423, 7, 7, 'BDH', '2021-12-28', '2021-11-22 06:00:58', '1'),
(1424, 7, 1, 'RPU', '2021-12-29', '2021-11-22 06:00:58', '2'),
(1425, 7, 8, 'Aster', '2021-12-30', '2021-11-22 06:00:58', '2'),
(1426, 7, 1, 'RPU', '2021-12-31', '2021-11-22 06:00:58', '2'),
(1427, 8, 5, 'PB', '2021-12-01', '2021-11-22 06:00:58', '1'),
(1428, 8, 13, 'Prolanis', '2021-12-02', '2021-11-22 06:00:58', '1'),
(1429, 8, 15, 'PKD', '2021-12-03', '2021-11-22 06:00:58', '3'),
(1430, 8, 1, '', '0000-00-00', '2021-11-22 06:00:58', ''),
(1431, 8, 1, '', '0000-00-00', '2021-11-22 06:00:58', ''),
(1432, 8, 1, '', '0000-00-00', '2021-11-22 06:00:58', ''),
(1433, 8, 1, '', '0000-00-00', '2021-11-22 06:00:58', ''),
(1434, 8, 1, 'RPU', '2021-12-08', '2021-11-22 06:00:58', '1'),
(1435, 8, 15, 'PKD', '2021-12-09', '2021-11-22 06:00:58', '3'),
(1436, 8, 1, '', '0000-00-00', '2021-11-22 06:00:58', ''),
(1437, 8, 15, 'PKD', '2021-12-11', '2021-11-22 06:00:58', '3'),
(1438, 8, 1, '', '0000-00-00', '2021-11-22 06:00:58', ''),
(1439, 8, 6, 'KR', '2021-12-13', '2021-11-22 06:00:58', '1'),
(1440, 8, 6, 'KR', '2021-12-14', '2021-11-22 06:00:58', '1'),
(1441, 8, 2, 'PCare RPU', '2021-12-15', '2021-11-22 06:00:58', '1'),
(1442, 8, 10, 'Surveillance', '2021-12-16', '2021-11-22 06:00:58', '1'),
(1443, 8, 2, 'PCare RPU', '2021-12-17', '2021-11-22 06:00:58', '1'),
(1444, 8, 1, 'RPU', '2021-12-18', '2021-11-22 06:00:58', '1'),
(1445, 8, 1, '', '0000-00-00', '2021-11-22 06:00:58', ''),
(1446, 8, 9, 'Mtbs/RT', '2021-12-20', '2021-11-22 06:00:58', '1'),
(1447, 8, 3, 'R.Inf', '2021-12-21', '2021-11-22 06:00:58', '1'),
(1448, 8, 15, 'PKD', '2021-12-22', '2021-11-22 06:00:58', '3'),
(1449, 8, 1, 'RPU', '2021-12-23', '2021-11-22 06:00:58', '1'),
(1450, 8, 5, 'PB', '2021-12-24', '2021-11-22 06:00:58', '1'),
(1451, 8, 2, 'PCare RPU', '2021-12-25', '2021-11-22 06:00:58', '1'),
(1452, 8, 1, '', '0000-00-00', '2021-11-22 06:00:58', ''),
(1453, 8, 10, 'Surveillance', '2021-12-27', '2021-11-22 06:00:58', '1'),
(1454, 8, 4, 'IVA/PTM', '2021-12-28', '2021-11-22 06:00:58', '1'),
(1455, 8, 5, 'PB', '2021-12-29', '2021-11-22 06:00:58', '1'),
(1456, 8, 13, 'Prolanis', '2021-12-30', '2021-11-22 06:00:58', '1'),
(1457, 8, 2, 'PCare RPU', '2021-12-31', '2021-11-22 06:00:58', '1'),
(1458, 9, 1, 'RPU', '2021-11-01', '2021-11-22 06:00:58', ''),
(1459, 9, 10, 'Surveillance', '2021-12-02', '2021-11-22 06:00:58', '2'),
(1460, 9, 2, 'PCare RPU', '2021-12-03', '2021-11-22 06:00:58', '2'),
(1461, 9, 6, 'KR', '2021-12-04', '2021-11-22 06:00:58', '2'),
(1462, 9, 1, '', '0000-00-00', '2021-11-22 06:00:58', ''),
(1463, 9, 12, 'KKR', '2021-12-06', '2021-11-22 06:00:58', '2'),
(1464, 9, 1, '', '0000-00-00', '2021-11-22 06:00:58', ''),
(1465, 9, 1, 'RPU', '2021-12-08', '2021-11-22 06:00:58', '2'),
(1466, 9, 2, 'PCare RPU', '2021-12-09', '2021-11-22 06:00:58', '2'),
(1467, 9, 1, 'RPU', '2021-12-10', '2021-11-22 06:00:58', '2'),
(1468, 9, 3, 'R.Inf', '2021-12-11', '2021-11-22 06:00:58', '2'),
(1469, 9, 1, '', '0000-00-00', '2021-11-22 06:00:58', ''),
(1470, 9, 2, 'PCare RPU', '2021-12-13', '2021-11-22 06:00:58', '2'),
(1471, 9, 5, 'PB', '2021-12-14', '2021-11-22 06:00:58', '1'),
(1472, 9, 2, 'PCare RPU', '2021-12-15', '2021-11-22 06:00:58', '2'),
(1473, 9, 9, 'Mtbs/RT', '2021-12-16', '2021-11-22 06:00:58', '2'),
(1474, 9, 7, 'BDH', '2021-12-17', '2021-11-22 06:00:58', '2'),
(1475, 9, 15, 'PKD', '2021-12-18', '2021-11-22 06:00:58', '2'),
(1476, 9, 1, '', '0000-00-00', '2021-11-22 06:00:58', ''),
(1477, 9, 6, 'KR', '2021-12-20', '2021-11-22 06:00:58', '2'),
(1478, 9, 2, 'PCare RPU', '2021-12-21', '2021-11-22 06:00:58', '2'),
(1479, 9, 3, 'R.Inf', '2021-12-22', '2021-11-22 06:00:58', '2'),
(1480, 9, 6, 'KR', '2021-12-23', '2021-11-22 06:00:58', '2'),
(1481, 9, 1, 'RPU', '2021-12-24', '2021-11-22 06:00:58', '2'),
(1482, 9, 10, 'Surveillance', '2021-12-25', '2021-11-22 06:00:58', '2'),
(1483, 9, 1, '', '0000-00-00', '2021-11-22 06:00:58', ''),
(1484, 9, 1, 'RPU', '2021-12-27', '2021-11-22 06:00:58', '2'),
(1485, 9, 9, 'Mtbs/RT', '2021-12-28', '2021-11-22 06:00:58', '2'),
(1486, 9, 1, '', '0000-00-00', '2021-11-22 06:00:58', ''),
(1487, 9, 5, 'PB', '2021-12-30', '2021-11-22 06:00:58', '1'),
(1488, 9, 9, 'Mtbs/RT', '2021-12-31', '2021-11-22 06:00:58', '2'),
(1489, 10, 4, 'IVA/PTM', '2021-12-01', '2021-11-22 06:00:58', '2'),
(1490, 10, 1, '', '0000-00-00', '2021-11-22 06:00:58', ''),
(1491, 10, 12, 'KKR', '2021-12-03', '2021-11-22 06:00:58', '2'),
(1492, 10, 1, 'RPU', '2021-12-04', '2021-11-22 06:00:58', '2'),
(1493, 10, 1, '', '0000-00-00', '2021-11-22 06:00:58', ''),
(1494, 10, 2, 'PCare RPU', '2021-12-06', '2021-11-22 06:00:58', '2'),
(1495, 10, 4, 'IVA/PTM', '2021-12-07', '2021-11-22 06:00:58', '2'),
(1496, 10, 3, 'R.Inf', '2021-12-08', '2021-11-22 06:00:58', '2'),
(1497, 10, 11, 'SCR', '2021-12-09', '2021-11-22 06:00:58', '2'),
(1498, 10, 15, 'PKD', '2021-12-10', '2021-11-22 06:00:58', '2'),
(1499, 10, 7, 'BDH', '2021-12-11', '2021-11-22 06:00:58', '2'),
(1500, 10, 1, '', '0000-00-00', '2021-11-22 06:00:58', ''),
(1501, 10, 4, 'IVA/PTM', '2021-12-13', '2021-11-22 06:00:58', '2'),
(1502, 10, 12, 'KKR', '2021-12-14', '2021-11-22 06:00:58', '2'),
(1503, 10, 4, 'IVA/PTM', '2021-12-15', '2021-11-22 06:00:58', '2'),
(1504, 10, 3, 'R.Inf', '2021-12-16', '2021-11-22 06:00:58', '2'),
(1505, 10, 3, 'R.Inf', '2021-12-17', '2021-11-22 06:00:58', '2'),
(1506, 10, 3, 'R.Inf', '2021-12-18', '2021-11-22 06:00:58', '2'),
(1507, 10, 1, '', '0000-00-00', '2021-11-22 06:00:58', ''),
(1508, 10, 8, 'Aster', '2021-12-20', '2021-11-22 06:00:58', '2'),
(1509, 10, 6, 'KR', '2021-12-21', '2021-11-22 06:00:58', '2'),
(1510, 10, 3, 'R.Inf', '2021-12-22', '2021-11-22 06:00:58', '2'),
(1511, 10, 4, 'IVA/PTM', '2021-12-23', '2021-11-22 06:00:58', '2'),
(1512, 10, 15, 'PKD', '2021-12-24', '2021-11-22 06:00:58', '2'),
(1513, 10, 3, 'R.Inf', '2021-12-25', '2021-11-22 06:00:58', '2'),
(1514, 10, 1, '', '0000-00-00', '2021-11-22 06:00:58', ''),
(1515, 10, 7, 'BDH', '2021-12-27', '2021-11-22 06:00:58', '2'),
(1516, 10, 4, 'IVA/PTM', '2021-12-28', '2021-11-22 06:00:58', '2'),
(1517, 10, 1, 'RPU', '2021-12-29', '2021-11-22 06:00:58', '2'),
(1518, 10, 6, 'KR', '2021-12-30', '2021-11-22 06:00:58', '2'),
(1519, 10, 8, 'Aster', '2021-12-31', '2021-11-22 06:00:58', '2'),
(1520, 11, 2, 'PCare RPU', '2021-12-01', '2021-11-22 06:00:58', '2'),
(1521, 11, 3, 'R.Inf', '2021-12-02', '2021-11-22 06:00:58', '2'),
(1522, 11, 4, 'IVA/PTM', '2021-12-03', '2021-11-22 06:00:58', '2'),
(1523, 11, 6, 'KR', '2021-12-04', '2021-11-22 06:00:58', '2'),
(1524, 11, 1, '', '0000-00-00', '2021-11-22 06:00:58', ''),
(1525, 11, 10, 'Surveillance', '2021-12-06', '2021-11-22 06:00:58', '2'),
(1526, 11, 1, 'RPU', '2021-12-07', '2021-11-22 06:00:58', '2'),
(1527, 11, 1, 'RPU', '2021-12-08', '2021-11-22 06:00:58', '2'),
(1528, 11, 10, 'Surveillance', '2021-12-09', '2021-11-22 06:00:58', '2'),
(1529, 11, 6, 'KR', '2021-12-10', '2021-11-22 06:00:58', '2'),
(1530, 11, 6, 'KR', '2021-12-11', '2021-11-22 06:00:58', '2'),
(1531, 11, 1, '', '0000-00-00', '2021-11-22 06:00:58', ''),
(1532, 11, 2, 'PCare RPU', '2021-12-13', '2021-11-22 06:00:58', '2'),
(1533, 11, 12, 'KKR', '2021-12-14', '2021-11-22 06:00:58', '2'),
(1534, 11, 2, 'PCare RPU', '2021-12-15', '2021-11-22 06:00:58', '2'),
(1535, 11, 1, 'RPU', '2021-12-16', '2021-11-22 06:00:58', '2'),
(1536, 11, 9, 'Mtbs/RT', '2021-12-17', '2021-11-22 06:00:58', '1'),
(1537, 11, 4, 'IVA/PTM', '2021-12-18', '2021-11-22 06:00:58', '2'),
(1538, 11, 1, '', '0000-00-00', '2021-11-22 06:00:58', ''),
(1539, 11, 1, 'RPU', '2021-12-20', '2021-11-22 06:00:58', '2'),
(1540, 11, 11, 'SCR', '2021-12-21', '2021-11-22 06:00:58', '2'),
(1541, 11, 14, 'LP', '2021-12-22', '2021-11-22 06:00:58', '2'),
(1542, 11, 2, 'PCare RPU', '2021-12-23', '2021-11-22 06:00:58', '2'),
(1543, 11, 2, 'PCare RPU', '2021-12-24', '2021-11-22 06:00:58', '2'),
(1544, 11, 1, '', '0000-00-00', '2021-11-22 06:00:58', ''),
(1545, 11, 1, '', '0000-00-00', '2021-11-22 06:00:58', ''),
(1546, 11, 1, 'RPU', '2021-12-27', '2021-11-22 06:00:58', '2'),
(1547, 11, 6, 'KR', '2021-12-28', '2021-11-22 06:00:58', '2'),
(1548, 11, 4, 'IVA/PTM', '2021-12-29', '2021-11-22 06:00:58', '2'),
(1549, 11, 4, 'IVA/PTM', '2021-12-30', '2021-11-22 06:00:58', '2'),
(1550, 11, 1, '', '0000-00-00', '2021-11-22 06:00:58', ''),
(1551, 12, 1, '', '0000-00-00', '2021-11-22 06:00:58', ''),
(1552, 12, 6, 'KR', '2021-12-02', '2021-11-22 06:00:58', '1'),
(1553, 12, 1, 'RPU', '2021-12-03', '2021-11-22 06:00:58', '1'),
(1554, 12, 10, 'Surveillance', '2021-12-04', '2021-11-22 06:00:58', '3'),
(1555, 12, 1, '', '0000-00-00', '2021-11-22 06:00:58', ''),
(1556, 12, 3, 'R.Inf', '2021-12-06', '2021-11-22 06:00:58', '1'),
(1557, 12, 1, 'RPU', '2021-12-07', '2021-11-22 06:00:58', '1'),
(1558, 12, 8, 'Aster', '2021-12-08', '2021-11-22 06:00:58', '1'),
(1559, 12, 6, 'KR', '2021-12-09', '2021-11-22 06:00:58', '1'),
(1560, 12, 6, 'KR', '2021-12-10', '2021-11-22 06:00:58', '1'),
(1561, 12, 1, '', '0000-00-00', '2021-11-22 06:00:58', ''),
(1562, 12, 1, '', '0000-00-00', '2021-11-22 06:00:58', ''),
(1563, 12, 10, 'Surveillance', '2021-12-13', '2021-11-22 06:00:58', '3'),
(1564, 12, 10, 'Surveillance', '2021-12-14', '2021-11-22 06:00:58', '3'),
(1565, 12, 4, 'IVA/PTM', '2021-12-15', '2021-11-22 06:00:58', '1'),
(1566, 12, 4, 'IVA/PTM', '2021-12-16', '2021-11-22 06:00:58', '1'),
(1567, 12, 7, 'BDH', '2021-12-17', '2021-11-22 06:00:58', '1'),
(1568, 12, 1, '', '0000-00-00', '2021-11-22 06:00:58', ''),
(1569, 12, 1, '', '0000-00-00', '2021-11-22 06:00:58', ''),
(1570, 12, 1, 'RPU', '2021-12-20', '2021-11-22 06:00:58', '1'),
(1571, 12, 1, 'RPU', '2021-12-21', '2021-11-22 06:00:58', '1'),
(1572, 12, 1, 'RPU', '2021-12-22', '2021-11-22 06:00:58', '1'),
(1573, 12, 12, 'KKR', '2021-12-23', '2021-11-22 06:00:58', '1'),
(1574, 12, 1, 'RPU', '2021-12-24', '2021-11-22 06:00:58', '1'),
(1575, 12, 3, 'R.Inf', '2021-12-25', '2021-11-22 06:00:58', '1'),
(1576, 12, 1, '', '0000-00-00', '2021-11-22 06:00:58', ''),
(1577, 12, 14, 'LP', '2021-12-27', '2021-11-22 06:00:58', '1'),
(1578, 12, 10, 'Surveillance', '2021-12-28', '2021-11-22 06:00:58', '3'),
(1579, 12, 10, 'Surveillance', '2021-12-29', '2021-11-22 06:00:58', '3'),
(1580, 12, 2, 'PCare RPU', '2021-12-30', '2021-11-22 06:00:58', '1'),
(1581, 12, 8, 'Aster', '2021-12-31', '2021-11-22 06:00:58', '1'),
(1582, 13, 6, 'KR', '2021-12-01', '2021-11-22 06:00:58', '1'),
(1583, 13, 2, 'PCare RPU', '2021-12-02', '2021-11-22 06:00:58', '1'),
(1584, 13, 14, 'LP', '2021-12-03', '2021-11-22 06:00:58', '1'),
(1585, 13, 7, 'BDH', '2021-12-04', '2021-11-22 06:00:58', '1'),
(1586, 13, 1, '', '0000-00-00', '2021-11-22 06:00:58', ''),
(1587, 13, 9, 'Mtbs/RT', '2021-12-06', '2021-11-22 06:00:58', '1'),
(1588, 13, 1, '', '0000-00-00', '2021-11-22 06:00:58', ''),
(1589, 13, 4, 'IVA/PTM', '2021-12-08', '2021-11-22 06:00:58', '1'),
(1590, 13, 10, 'Surveillance', '2021-12-09', '2021-11-22 06:00:58', '1'),
(1591, 13, 5, 'PB', '2021-12-10', '2021-11-22 06:00:58', '1'),
(1592, 13, 1, '', '0000-00-00', '2021-11-22 06:00:58', ''),
(1593, 13, 1, '', '0000-00-00', '2021-11-22 06:00:58', ''),
(1594, 13, 1, 'RPU', '2021-12-13', '2021-11-22 06:00:58', '1'),
(1595, 13, 7, 'BDH', '2021-12-14', '2021-11-22 06:00:58', '1'),
(1596, 13, 1, 'RPU', '2021-12-15', '2021-11-22 06:00:58', '1'),
(1597, 13, 4, 'IVA/PTM', '2021-12-16', '2021-11-22 06:00:58', '1'),
(1598, 13, 1, '', '0000-00-00', '2021-11-22 06:00:58', ''),
(1599, 13, 10, 'Surveillance', '2021-12-18', '2021-11-22 06:00:58', '1'),
(1600, 13, 1, '', '0000-00-00', '2021-11-22 06:00:58', ''),
(1601, 13, 3, 'R.Inf', '2021-12-20', '2021-11-22 06:00:58', '1'),
(1602, 13, 1, '', '0000-00-00', '2021-11-22 06:00:58', ''),
(1603, 13, 5, 'PB', '2021-12-22', '2021-11-22 06:00:58', '1'),
(1604, 13, 4, 'IVA/PTM', '2021-12-23', '2021-11-22 06:00:58', '1'),
(1605, 13, 1, 'RPU', '2021-12-24', '2021-11-22 06:00:58', '1'),
(1606, 13, 6, 'KR', '2021-12-25', '2021-11-22 06:00:58', '1'),
(1607, 13, 1, '', '0000-00-00', '2021-11-22 06:00:58', ''),
(1608, 13, 2, 'PCare RPU', '2021-12-27', '2021-11-22 06:00:58', '1'),
(1609, 13, 3, 'R.Inf', '2021-12-28', '2021-11-22 06:00:58', '1'),
(1610, 13, 11, 'SCR', '2021-12-29', '2021-11-22 06:00:58', '1'),
(1611, 13, 1, '', '0000-00-00', '2021-11-22 06:00:58', ''),
(1612, 13, 6, 'KR', '2021-12-31', '2021-11-22 06:00:58', '1');

-- --------------------------------------------------------

--
-- Table structure for table `penjadwalan_memetika`
--

CREATE TABLE `penjadwalan_memetika` (
  `id_penjadwalan_memetika` bigint(20) UNSIGNED NOT NULL,
  `id_pegawai` bigint(20) UNSIGNED NOT NULL,
  `id_piket` bigint(20) UNSIGNED NOT NULL,
  `kode_piket` varchar(255) COLLATE utf8mb4_unicode_ci NOT NULL,
  `tanggal_penjadwalan` date NOT NULL,
  `tanggal_pembuatan_jadwal` datetime NOT NULL,
  `nilai_fitness` varchar(255) COLLATE utf8mb4_unicode_ci NOT NULL
) ENGINE=InnoDB DEFAULT CHARSET=utf8mb4 COLLATE=utf8mb4_unicode_ci;

--
-- Dumping data for table `penjadwalan_memetika`
--

INSERT INTO `penjadwalan_memetika` (`id_penjadwalan_memetika`, `id_pegawai`, `id_piket`, `kode_piket`, `tanggal_penjadwalan`, `tanggal_pembuatan_jadwal`, `nilai_fitness`) VALUES
(830, 1, 8, 'Aster', '2021-12-01', '2021-11-18 11:53:16', '2'),
(831, 1, 10, 'Surveillance', '2021-12-02', '2021-11-18 11:53:16', '2'),
(832, 1, 3, 'R.Inf', '2021-12-03', '2021-11-18 11:53:16', '1'),
(833, 1, 15, '', '2021-11-04', '2021-11-18 11:53:16', ''),
(834, 1, 15, '', '0000-00-00', '2021-11-18 11:53:16', ''),
(835, 1, 15, '', '0000-00-00', '2021-11-18 11:53:16', ''),
(836, 1, 15, 'PKD', '2021-12-07', '2021-11-18 11:53:16', '2'),
(837, 1, 4, 'IVA/PTM', '2021-12-08', '2021-11-18 11:53:16', '2'),
(838, 1, 6, 'KR', '2021-12-09', '2021-11-18 11:53:16', '2'),
(839, 1, 5, 'PB', '2021-12-10', '2021-11-18 11:53:16', '2'),
(840, 1, 9, 'Mtbs/RT', '2021-12-11', '2021-11-18 11:53:16', '2'),
(841, 1, 15, '', '0000-00-00', '2021-11-18 11:53:16', ''),
(842, 1, 4, 'IVA/PTM', '2021-12-13', '2021-11-18 11:53:16', '2'),
(843, 1, 4, 'IVA/PTM', '2021-12-14', '2021-11-18 11:53:16', '2'),
(844, 1, 15, '', '0000-00-00', '2021-11-18 11:53:16', ''),
(845, 1, 3, 'R.Inf', '2021-12-16', '2021-11-18 11:53:16', '3'),
(846, 1, 5, 'PB', '2021-12-17', '2021-11-18 11:53:16', '2'),
(847, 1, 14, 'LP', '2021-12-18', '2021-11-18 11:53:16', '2'),
(848, 1, 15, '', '0000-00-00', '2021-11-18 11:53:16', ''),
(849, 1, 11, 'SCR', '2021-12-20', '2021-11-18 11:53:16', '2'),
(850, 1, 5, 'PB', '2021-12-21', '2021-11-18 11:53:16', '2'),
(851, 1, 10, 'Surveillance', '2021-12-22', '2021-11-18 11:53:16', '2'),
(852, 1, 15, 'PKD', '2021-12-23', '2021-11-18 11:53:16', '2'),
(853, 1, 4, 'IVA/PTM', '2021-12-24', '2021-11-18 11:53:16', '2'),
(854, 1, 15, 'PKD', '2021-12-25', '2021-11-18 11:53:16', '2'),
(855, 1, 15, '', '0000-00-00', '2021-11-18 11:53:16', ''),
(856, 1, 13, 'Prolanis', '2021-12-27', '2021-11-18 11:53:16', '1'),
(857, 1, 15, '', '0000-00-00', '2021-11-18 11:53:16', ''),
(858, 1, 1, 'RPU', '2021-12-29', '2021-11-18 11:53:16', '3'),
(859, 1, 10, 'Surveillance', '2021-12-30', '2021-11-18 11:53:16', '2'),
(860, 1, 4, 'IVA/PTM', '2021-12-31', '2021-11-18 11:53:16', '2'),
(861, 2, 8, 'Aster', '2021-12-01', '2021-11-18 11:53:16', '2'),
(862, 2, 1, 'RPU', '2021-12-02', '2021-11-18 11:53:16', '3'),
(863, 2, 9, 'Mtbs/RT', '2021-12-03', '2021-11-18 11:53:16', '2'),
(864, 2, 1, 'RPU', '2021-12-04', '2021-11-18 11:53:16', '3'),
(865, 2, 15, '', '0000-00-00', '2021-11-18 11:53:16', ''),
(866, 2, 12, 'KKR', '2021-12-06', '2021-11-18 11:53:16', '2'),
(867, 2, 1, 'RPU', '2021-12-07', '2021-11-18 11:53:16', '3'),
(868, 2, 15, '', '0000-00-00', '2021-11-18 11:53:16', ''),
(869, 2, 14, 'LP', '2021-12-09', '2021-11-18 11:53:16', '2'),
(870, 2, 15, '', '0000-00-00', '2021-11-18 11:53:16', ''),
(871, 2, 14, 'LP', '2021-12-11', '2021-11-18 11:53:16', '2'),
(872, 2, 15, '', '0000-00-00', '2021-11-18 11:53:16', ''),
(873, 2, 3, 'R.Inf', '2021-12-13', '2021-11-18 11:53:16', '3'),
(874, 2, 12, 'KKR', '2021-12-14', '2021-11-18 11:53:16', '2'),
(875, 2, 3, 'R.Inf', '2021-12-15', '2021-11-18 11:53:16', '3'),
(876, 2, 6, 'KR', '2021-12-16', '2021-11-18 11:53:16', '2'),
(877, 2, 1, 'RPU', '2021-12-17', '2021-11-18 11:53:16', '1'),
(878, 2, 1, 'RPU', '2021-12-18', '2021-11-18 11:53:16', '3'),
(879, 2, 15, '', '0000-00-00', '2021-11-18 11:53:16', ''),
(880, 2, 5, 'PB', '2021-12-20', '2021-11-18 11:53:16', '2'),
(881, 2, 7, 'BDH', '2021-12-21', '2021-11-18 11:53:16', '2'),
(882, 2, 12, 'KKR', '2021-12-22', '2021-11-18 11:53:16', '2'),
(883, 2, 1, 'RPU', '2021-12-23', '2021-11-18 11:53:16', '3'),
(884, 2, 15, 'PKD', '2021-12-24', '2021-11-18 11:53:16', '2'),
(885, 2, 11, 'SCR', '2021-12-25', '2021-11-18 11:53:16', '2'),
(886, 2, 15, '', '0000-00-00', '2021-11-18 11:53:16', ''),
(887, 2, 3, 'R.Inf', '2021-12-27', '2021-11-18 11:53:16', '3'),
(888, 2, 4, 'IVA/PTM', '2021-12-28', '2021-11-18 11:53:16', '2'),
(889, 2, 3, 'R.Inf', '2021-12-29', '2021-11-18 11:53:16', '3'),
(890, 2, 3, 'R.Inf', '2021-12-30', '2021-11-18 11:53:16', '1'),
(891, 2, 14, 'LP', '2021-12-31', '2021-11-18 11:53:16', '2'),
(892, 3, 9, 'Manajemen Tata Laksana Balita Sakit - Ruang Tindakan', '2021-11-01', '2021-11-18 11:53:16', ''),
(893, 3, 14, 'LP', '2021-12-02', '2021-11-18 11:53:16', '2'),
(894, 3, 1, 'RPU', '2021-12-03', '2021-11-18 11:53:16', '2'),
(895, 3, 3, 'R.Inf', '2021-12-04', '2021-11-18 11:53:16', '2'),
(896, 3, 15, '', '0000-00-00', '2021-11-18 11:53:16', ''),
(897, 3, 4, 'IVA/PTM', '2021-12-06', '2021-11-18 11:53:16', '2'),
(898, 3, 12, 'KKR', '2021-12-07', '2021-11-18 11:53:16', '2'),
(899, 3, 2, 'PCare RPU', '2021-12-08', '2021-11-18 11:53:16', '2'),
(900, 3, 15, '', '0000-00-00', '2021-11-18 11:53:16', ''),
(901, 3, 8, 'Aster', '2021-12-10', '2021-11-18 11:53:16', '2'),
(902, 3, 8, 'Aster', '2021-12-11', '2021-11-18 11:53:16', '2'),
(903, 3, 15, '', '0000-00-00', '2021-11-18 11:53:16', ''),
(904, 3, 6, 'KR', '2021-12-13', '2021-11-18 11:53:16', '2'),
(905, 3, 7, 'BDH', '2021-12-14', '2021-11-18 11:53:16', '2'),
(906, 3, 8, 'Aster', '2021-12-15', '2021-11-18 11:53:16', '2'),
(907, 3, 6, 'KR', '2021-12-16', '2021-11-18 11:53:16', '2'),
(908, 3, 4, 'IVA/PTM', '2021-12-17', '2021-11-18 11:53:16', '2'),
(909, 3, 15, '', '0000-00-00', '2021-11-18 11:53:16', ''),
(910, 3, 15, '', '0000-00-00', '2021-11-18 11:53:16', ''),
(911, 3, 13, 'Prolanis', '2021-12-20', '2021-11-18 11:53:16', '2'),
(912, 3, 12, 'KKR', '2021-12-21', '2021-11-18 11:53:16', '2'),
(913, 3, 14, 'LP', '2021-12-22', '2021-11-18 11:53:16', '2'),
(914, 3, 12, 'KKR', '2021-12-23', '2021-11-18 11:53:16', '2'),
(915, 3, 4, 'IVA/PTM', '2021-12-24', '2021-11-18 11:53:16', '2'),
(916, 3, 2, 'PCare RPU', '2021-12-25', '2021-11-18 11:53:16', '2'),
(917, 3, 15, '', '0000-00-00', '2021-11-18 11:53:16', ''),
(918, 3, 3, 'R.Inf', '2021-12-27', '2021-11-18 11:53:16', '2'),
(919, 3, 1, 'RPU', '2021-12-28', '2021-11-18 11:53:16', '2'),
(920, 3, 4, 'IVA/PTM', '2021-12-29', '2021-11-18 11:53:16', '2'),
(921, 3, 15, '', '0000-00-00', '2021-11-18 11:53:16', ''),
(922, 3, 13, 'Prolanis', '2021-12-31', '2021-11-18 11:53:16', '2'),
(923, 4, 1, 'RPU', '2021-12-01', '2021-11-18 11:53:16', '2'),
(924, 4, 8, 'Aster', '2021-12-02', '2021-11-18 11:53:16', '2'),
(925, 4, 3, 'R.Inf', '2021-12-03', '2021-11-18 11:53:16', '2'),
(926, 4, 13, 'Prolanis', '2021-12-04', '2021-11-18 11:53:16', '2'),
(927, 4, 15, '', '0000-00-00', '2021-11-18 11:53:16', ''),
(928, 4, 2, 'PCare RPU', '2021-12-06', '2021-11-18 11:53:16', '2'),
(929, 4, 15, 'PKD', '2021-12-07', '2021-11-18 11:53:16', '2'),
(930, 4, 5, 'PB', '2021-12-08', '2021-11-18 11:53:16', '1'),
(931, 4, 12, 'KKR', '2021-12-09', '2021-11-18 11:53:16', '2'),
(932, 4, 6, 'KR', '2021-12-10', '2021-11-18 11:53:16', '2'),
(933, 4, 15, 'PKD', '2021-12-11', '2021-11-18 11:53:16', '2'),
(934, 4, 15, '', '0000-00-00', '2021-11-18 11:53:16', ''),
(935, 4, 1, 'RPU', '2021-12-13', '2021-11-18 11:53:16', '2'),
(936, 4, 7, 'BDH', '2021-12-14', '2021-11-18 11:53:16', '2'),
(937, 4, 15, '', '0000-00-00', '2021-11-18 11:53:16', ''),
(938, 4, 1, 'RPU', '2021-12-16', '2021-11-18 11:53:16', '2'),
(939, 4, 13, 'Prolanis', '2021-12-17', '2021-11-18 11:53:16', '2'),
(940, 4, 14, 'LP', '2021-12-18', '2021-11-18 11:53:16', '2'),
(941, 4, 15, '', '0000-00-00', '2021-11-18 11:53:16', ''),
(942, 4, 4, 'IVA/PTM', '2021-12-20', '2021-11-18 11:53:16', '2'),
(943, 4, 11, 'SCR', '2021-12-21', '2021-11-18 11:53:16', '2'),
(944, 4, 11, 'SCR', '2021-12-22', '2021-11-18 11:53:16', '2'),
(945, 4, 5, 'PB', '2021-12-23', '2021-11-18 11:53:16', '1'),
(946, 4, 4, 'IVA/PTM', '2021-12-24', '2021-11-18 11:53:16', '2'),
(947, 4, 11, 'SCR', '2021-12-25', '2021-11-18 11:53:16', '2'),
(948, 4, 15, '', '0000-00-00', '2021-11-18 11:53:16', ''),
(949, 4, 15, '', '0000-00-00', '2021-11-18 11:53:16', ''),
(950, 4, 8, 'Aster', '2021-12-28', '2021-11-18 11:53:16', '2'),
(951, 4, 7, 'BDH', '2021-12-29', '2021-11-18 11:53:16', '2'),
(952, 4, 3, 'R.Inf', '2021-12-30', '2021-11-18 11:53:16', '2'),
(953, 4, 1, 'RPU', '2021-12-31', '2021-11-18 11:53:16', '2'),
(954, 5, 13, 'Prolanis', '2021-12-01', '2021-11-18 11:53:16', '2'),
(955, 5, 2, 'PCare RPU', '2021-12-02', '2021-11-18 11:53:16', '2'),
(956, 5, 11, 'SCR', '2021-12-03', '2021-11-18 11:53:16', '2'),
(957, 5, 12, 'KKR', '2021-12-04', '2021-11-18 11:53:16', '2'),
(958, 5, 15, '', '0000-00-00', '2021-11-18 11:53:16', ''),
(959, 5, 9, 'Mtbs/RT', '2021-12-06', '2021-11-18 11:53:16', '2'),
(960, 5, 15, 'PKD', '2021-12-07', '2021-11-18 11:53:16', '2'),
(961, 5, 10, 'Surveillance', '2021-12-08', '2021-11-18 11:53:16', '2'),
(962, 5, 14, 'LP', '2021-12-09', '2021-11-18 11:53:16', '2'),
(963, 5, 2, 'PCare RPU', '2021-12-10', '2021-11-18 11:53:16', '2'),
(964, 5, 6, 'KR', '2021-12-11', '2021-11-18 11:53:16', '2'),
(965, 5, 15, '', '0000-00-00', '2021-11-18 11:53:16', ''),
(966, 5, 4, 'IVA/PTM', '2021-12-13', '2021-11-18 11:53:16', '2'),
(967, 5, 8, 'Aster', '2021-12-14', '2021-11-18 11:53:16', '2'),
(968, 5, 2, 'PCare RPU', '2021-12-15', '2021-11-18 11:53:16', '2'),
(969, 5, 9, 'Mtbs/RT', '2021-12-16', '2021-11-18 11:53:16', '2'),
(970, 5, 12, 'KKR', '2021-12-17', '2021-11-18 11:53:16', '2'),
(971, 5, 4, 'IVA/PTM', '2021-12-18', '2021-11-18 11:53:16', '2'),
(972, 5, 15, '', '0000-00-00', '2021-11-18 11:53:16', ''),
(973, 5, 6, 'KR', '2021-12-20', '2021-11-18 11:53:16', '2'),
(974, 5, 3, 'R.Inf', '2021-12-21', '2021-11-18 11:53:16', '2'),
(975, 5, 15, '', '0000-00-00', '2021-11-18 11:53:16', ''),
(976, 5, 7, 'BDH', '2021-12-23', '2021-11-18 11:53:16', '2'),
(977, 5, 1, 'RPU', '2021-12-24', '2021-11-18 11:53:16', '2'),
(978, 5, 6, 'KR', '2021-12-25', '2021-11-18 11:53:16', '2'),
(979, 5, 15, '', '0000-00-00', '2021-11-18 11:53:16', ''),
(980, 5, 13, 'Prolanis', '2021-12-27', '2021-11-18 11:53:16', '2'),
(981, 5, 1, 'RPU', '2021-12-28', '2021-11-18 11:53:16', '2'),
(982, 5, 10, 'Surveillance', '2021-12-29', '2021-11-18 11:53:16', '2'),
(983, 5, 1, 'RPU', '2021-12-30', '2021-11-18 11:53:16', '2'),
(984, 5, 15, '', '0000-00-00', '2021-11-18 11:53:16', ''),
(985, 6, 10, 'Surveillance', '2021-12-01', '2021-11-18 11:53:16', '2'),
(986, 6, 5, 'PB', '2021-12-02', '2021-11-18 11:53:16', '2'),
(987, 6, 1, 'RPU', '2021-12-03', '2021-11-18 11:53:16', '2'),
(988, 6, 15, 'PKD', '2021-12-04', '2021-11-18 11:53:16', '2'),
(989, 6, 15, '', '0000-00-00', '2021-11-18 11:53:16', ''),
(990, 6, 6, 'KR', '2021-12-06', '2021-11-18 11:53:16', '2'),
(991, 6, 8, 'Aster', '2021-12-07', '2021-11-18 11:53:16', '2'),
(992, 6, 4, 'IVA/PTM', '2021-12-08', '2021-11-18 11:53:16', '2'),
(993, 6, 6, 'KR', '2021-12-09', '2021-11-18 11:53:16', '2'),
(994, 6, 5, 'PB', '2021-12-10', '2021-11-18 11:53:16', '2'),
(995, 6, 2, 'PCare RPU', '2021-12-11', '2021-11-18 11:53:16', '2'),
(996, 6, 15, '', '0000-00-00', '2021-11-18 11:53:16', ''),
(997, 6, 3, 'R.Inf', '2021-12-13', '2021-11-18 11:53:16', '3'),
(998, 6, 10, 'Surveillance', '2021-12-14', '2021-11-18 11:53:16', '2'),
(999, 6, 8, 'Aster', '2021-12-15', '2021-11-18 11:53:16', '2'),
(1000, 6, 13, 'Prolanis', '2021-12-16', '2021-11-18 11:53:16', '2'),
(1001, 6, 11, 'SCR', '2021-12-17', '2021-11-18 11:53:16', '2'),
(1002, 6, 14, 'LP', '2021-12-18', '2021-11-18 11:53:16', '2'),
(1003, 6, 15, '', '0000-00-00', '2021-11-18 11:53:16', ''),
(1004, 6, 8, 'Aster', '2021-12-20', '2021-11-18 11:53:16', '2'),
(1005, 6, 14, 'LP', '2021-12-21', '2021-11-18 11:53:16', '2'),
(1006, 6, 1, 'RPU', '2021-12-22', '2021-11-18 11:53:16', '2'),
(1007, 6, 15, 'PKD', '2021-12-23', '2021-11-18 11:53:16', '2'),
(1008, 6, 15, '', '0000-00-00', '2021-11-18 11:53:16', ''),
(1009, 6, 7, 'BDH', '2021-12-25', '2021-11-18 11:53:16', '2'),
(1010, 6, 15, '', '0000-00-00', '2021-11-18 11:53:16', ''),
(1011, 6, 15, '', '0000-00-00', '2021-11-18 11:53:16', ''),
(1012, 6, 14, 'LP', '2021-12-28', '2021-11-18 11:53:16', '2'),
(1013, 6, 15, '', '0000-00-00', '2021-11-18 11:53:16', ''),
(1014, 6, 15, '', '0000-00-00', '2021-11-18 11:53:16', ''),
(1015, 6, 13, 'Prolanis', '2021-12-31', '2021-11-18 11:53:16', '2'),
(1016, 7, 5, 'PB', '2021-12-01', '2021-11-18 11:53:16', '2'),
(1017, 7, 15, '', '0000-00-00', '2021-11-18 11:53:16', ''),
(1018, 7, 11, 'SCR', '2021-12-03', '2021-11-18 11:53:16', '2'),
(1019, 7, 13, 'Prolanis', '2021-12-04', '2021-11-18 11:53:16', '2'),
(1020, 7, 15, '', '0000-00-00', '2021-11-18 11:53:16', ''),
(1021, 7, 15, 'PKD', '2021-12-06', '2021-11-18 11:53:16', '2'),
(1022, 7, 12, 'KKR', '2021-12-07', '2021-11-18 11:53:16', '2'),
(1023, 7, 15, 'PKD', '2021-12-08', '2021-11-18 11:53:16', '2'),
(1024, 7, 14, 'LP', '2021-12-09', '2021-11-18 11:53:16', '2'),
(1025, 7, 7, 'BDH', '2021-12-10', '2021-11-18 11:53:16', '1'),
(1026, 7, 6, 'KR', '2021-12-11', '2021-11-18 11:53:16', '2'),
(1027, 7, 15, '', '0000-00-00', '2021-11-18 11:53:16', ''),
(1028, 7, 6, 'KR', '2021-12-13', '2021-11-18 11:53:16', '2'),
(1029, 7, 8, 'Aster', '2021-12-14', '2021-11-18 11:53:16', '2'),
(1030, 7, 11, 'SCR', '2021-12-15', '2021-11-18 11:53:16', '2'),
(1031, 7, 3, 'R.Inf', '2021-12-16', '2021-11-18 11:53:16', '2'),
(1032, 7, 15, 'PKD', '2021-12-17', '2021-11-18 11:53:16', '2'),
(1033, 7, 9, 'Mtbs/RT', '2021-12-18', '2021-11-18 11:53:16', '2'),
(1034, 7, 15, '', '0000-00-00', '2021-11-18 11:53:16', ''),
(1035, 7, 12, 'KKR', '2021-12-20', '2021-11-18 11:53:16', '2'),
(1036, 7, 9, 'Mtbs/RT', '2021-12-21', '2021-11-18 11:53:16', '2'),
(1037, 7, 11, 'SCR', '2021-12-22', '2021-11-18 11:53:16', '2'),
(1038, 7, 12, 'KKR', '2021-12-23', '2021-11-18 11:53:16', '2'),
(1039, 7, 15, '', '0000-00-00', '2021-11-18 11:53:16', ''),
(1040, 7, 9, 'Mtbs/RT', '2021-12-25', '2021-11-18 11:53:16', '2'),
(1041, 7, 15, '', '0000-00-00', '2021-11-18 11:53:16', ''),
(1042, 7, 5, 'PB', '2021-12-27', '2021-11-18 11:53:16', '2'),
(1043, 7, 11, 'SCR', '2021-12-28', '2021-11-18 11:53:16', '2'),
(1044, 7, 9, 'Mtbs/RT', '2021-12-29', '2021-11-18 11:53:16', '2'),
(1045, 7, 6, 'KR', '2021-12-30', '2021-11-18 11:53:16', '2'),
(1046, 7, 1, 'RPU', '2021-12-31', '2021-11-18 11:53:16', '2'),
(1047, 8, 15, 'PKD', '2021-12-01', '2021-11-18 11:53:16', '3'),
(1048, 8, 15, 'PKD', '2021-12-02', '2021-11-18 11:53:16', '3'),
(1049, 8, 11, 'SCR', '2021-12-03', '2021-11-18 11:53:16', '1'),
(1050, 8, 15, 'PKD', '2021-12-04', '2021-11-18 11:53:16', '3'),
(1051, 8, 15, '', '0000-00-00', '2021-11-18 11:53:16', ''),
(1052, 8, 15, 'PKD', '2021-12-06', '2021-11-18 11:53:16', '3'),
(1053, 8, 2, 'PCare RPU', '2021-12-07', '2021-11-18 11:53:16', '1'),
(1054, 8, 15, '', '0000-00-00', '2021-11-18 11:53:16', ''),
(1055, 8, 7, 'BDH', '2021-12-09', '2021-11-18 11:53:16', '1'),
(1056, 8, 1, 'RPU', '2021-12-10', '2021-11-18 11:53:16', '1'),
(1057, 8, 12, 'KKR', '2021-12-11', '2021-11-18 11:53:16', '1'),
(1058, 8, 15, '', '0000-00-00', '2021-11-18 11:53:16', ''),
(1059, 8, 15, 'PKD', '2021-12-13', '2021-11-18 11:53:16', '3'),
(1060, 8, 3, 'R.Inf', '2021-12-14', '2021-11-18 11:53:16', '1'),
(1061, 8, 3, 'R.Inf', '2021-12-15', '2021-11-18 11:53:16', '1'),
(1062, 8, 15, 'PKD', '2021-12-16', '2021-11-18 11:53:16', '3'),
(1063, 8, 1, 'RPU', '2021-12-17', '2021-11-18 11:53:16', '1'),
(1064, 8, 11, 'SCR', '2021-12-18', '2021-11-18 11:53:16', '1'),
(1065, 8, 15, '', '0000-00-00', '2021-11-18 11:53:16', ''),
(1066, 8, 15, 'PKD', '2021-12-20', '2021-11-18 11:53:16', '3'),
(1067, 8, 9, 'Mtbs/RT', '2021-12-21', '2021-11-18 11:53:16', '1'),
(1068, 8, 6, 'KR', '2021-12-22', '2021-11-18 11:53:16', '1'),
(1069, 8, 15, 'PKD', '2021-12-23', '2021-11-18 11:53:16', '3'),
(1070, 8, 13, 'Prolanis', '2021-12-24', '2021-11-18 11:53:16', '3'),
(1071, 8, 7, 'BDH', '2021-12-25', '2021-11-18 11:53:16', '1'),
(1072, 8, 15, '', '0000-00-00', '2021-11-18 11:53:16', ''),
(1073, 8, 15, '', '0000-00-00', '2021-11-18 11:53:16', ''),
(1074, 8, 1, 'RPU', '2021-12-28', '2021-11-18 11:53:16', '1'),
(1075, 8, 15, 'PKD', '2021-12-29', '2021-11-18 11:53:16', '3'),
(1076, 8, 15, 'PKD', '2021-12-30', '2021-11-18 11:53:16', '3'),
(1077, 8, 2, 'PCare RPU', '2021-12-31', '2021-11-18 11:53:16', '1'),
(1078, 9, 1, 'RPU', '2021-12-01', '2021-11-18 11:53:16', '2'),
(1079, 9, 10, 'Surveillance', '2021-12-02', '2021-11-18 11:53:16', '2'),
(1080, 9, 15, 'PKD', '2021-12-03', '2021-11-18 11:53:16', '2'),
(1081, 9, 15, 'PKD', '2021-12-04', '2021-11-18 11:53:16', '2'),
(1082, 9, 15, '', '0000-00-00', '2021-11-18 11:53:16', ''),
(1083, 9, 6, 'KR', '2021-12-06', '2021-11-18 11:53:16', '2'),
(1084, 9, 11, 'SCR', '2021-12-07', '2021-11-18 11:53:16', '2'),
(1085, 9, 3, 'R.Inf', '2021-12-08', '2021-11-18 11:53:16', '2'),
(1086, 9, 3, 'R.Inf', '2021-12-09', '2021-11-18 11:53:16', '2'),
(1087, 9, 10, 'Surveillance', '2021-12-10', '2021-11-18 11:53:16', '2'),
(1088, 9, 10, 'Surveillance', '2021-12-11', '2021-11-18 11:53:16', '2'),
(1089, 9, 15, '', '0000-00-00', '2021-11-18 11:53:16', ''),
(1090, 9, 14, 'LP', '2021-12-13', '2021-11-18 11:53:16', '2'),
(1091, 9, 8, 'Aster', '2021-12-14', '2021-11-18 11:53:16', '2'),
(1092, 9, 13, 'Prolanis', '2021-12-15', '2021-11-18 11:53:16', '2'),
(1093, 9, 2, 'PCare RPU', '2021-12-16', '2021-11-18 11:53:16', '2'),
(1094, 9, 8, 'Aster', '2021-12-17', '2021-11-18 11:53:16', '2'),
(1095, 9, 11, 'SCR', '2021-12-18', '2021-11-18 11:53:16', '2'),
(1096, 9, 15, '', '0000-00-00', '2021-11-18 11:53:16', ''),
(1097, 9, 9, 'Mtbs/RT', '2021-12-20', '2021-11-18 11:53:16', '2'),
(1098, 9, 12, 'KKR', '2021-12-21', '2021-11-18 11:53:16', '2'),
(1099, 9, 3, 'R.Inf', '2021-12-22', '2021-11-18 11:53:16', '2'),
(1100, 9, 9, 'Mtbs/RT', '2021-12-23', '2021-11-18 11:53:16', '2'),
(1101, 9, 10, 'Surveillance', '2021-12-24', '2021-11-18 11:53:16', '2'),
(1102, 9, 15, 'PKD', '2021-12-25', '2021-11-18 11:53:16', '2'),
(1103, 9, 15, '', '0000-00-00', '2021-11-18 11:53:16', ''),
(1104, 9, 15, '', '0000-00-00', '2021-11-18 11:53:16', ''),
(1105, 9, 6, 'KR', '2021-12-28', '2021-11-18 11:53:16', '2'),
(1106, 9, 13, 'Prolanis', '2021-12-29', '2021-11-18 11:53:16', '2'),
(1107, 9, 15, 'PKD', '2021-12-30', '2021-11-18 11:53:16', '2'),
(1108, 9, 3, 'R.Inf', '2021-12-31', '2021-11-18 11:53:16', '2'),
(1109, 10, 1, 'RPU', '2021-12-01', '2021-11-18 11:53:16', '2'),
(1110, 10, 1, 'RPU', '2021-12-02', '2021-11-18 11:53:16', '2'),
(1111, 10, 2, 'PCare RPU', '2021-12-03', '2021-11-18 11:53:16', '2'),
(1112, 10, 15, '', '0000-00-00', '2021-11-18 11:53:16', ''),
(1113, 10, 15, '', '0000-00-00', '2021-11-18 11:53:16', ''),
(1114, 10, 15, '', '0000-00-00', '2021-11-18 11:53:16', ''),
(1115, 10, 3, 'R.Inf', '2021-12-07', '2021-11-18 11:53:16', '2'),
(1116, 10, 3, 'R.Inf', '2021-12-08', '2021-11-18 11:53:16', '2'),
(1117, 10, 11, 'SCR', '2021-12-09', '2021-11-18 11:53:16', '2'),
(1118, 10, 6, 'KR', '2021-12-10', '2021-11-18 11:53:16', '2'),
(1119, 10, 7, 'BDH', '2021-12-11', '2021-11-18 11:53:16', '2'),
(1120, 10, 15, '', '0000-00-00', '2021-11-18 11:53:16', ''),
(1121, 10, 4, 'IVA/PTM', '2021-12-13', '2021-11-18 11:53:16', '2'),
(1122, 10, 5, 'PB', '2021-12-14', '2021-11-18 11:53:16', '1'),
(1123, 10, 4, 'IVA/PTM', '2021-12-15', '2021-11-18 11:53:16', '2'),
(1124, 10, 15, '', '0000-00-00', '2021-11-18 11:53:16', ''),
(1125, 10, 5, 'PB', '2021-12-17', '2021-11-18 11:53:16', '1'),
(1126, 10, 4, 'IVA/PTM', '2021-12-18', '2021-11-18 11:53:16', '2'),
(1127, 10, 15, '', '0000-00-00', '2021-11-18 11:53:16', ''),
(1128, 10, 14, 'LP', '2021-12-20', '2021-11-18 11:53:16', '2'),
(1129, 10, 9, 'Mtbs/RT', '2021-12-21', '2021-11-18 11:53:16', '2'),
(1130, 10, 2, 'PCare RPU', '2021-12-22', '2021-11-18 11:53:16', '2'),
(1131, 10, 12, 'KKR', '2021-12-23', '2021-11-18 11:53:16', '2'),
(1132, 10, 8, 'Aster', '2021-12-24', '2021-11-18 11:53:16', '2'),
(1133, 10, 6, 'KR', '2021-12-25', '2021-11-18 11:53:16', '2'),
(1134, 10, 15, '', '0000-00-00', '2021-11-18 11:53:16', ''),
(1135, 10, 11, 'SCR', '2021-12-27', '2021-11-18 11:53:16', '2'),
(1136, 10, 11, 'SCR', '2021-12-28', '2021-11-18 11:53:16', '2'),
(1137, 10, 8, 'Aster', '2021-12-29', '2021-11-18 11:53:16', '2'),
(1138, 10, 15, '', '0000-00-00', '2021-11-18 11:53:16', ''),
(1139, 10, 15, 'PKD', '2021-12-31', '2021-11-18 11:53:16', '2'),
(1140, 11, 13, 'Prolanis', '2021-12-01', '2021-11-18 11:53:16', '2'),
(1141, 11, 2, 'PCare RPU', '2021-12-02', '2021-11-18 11:53:16', '2'),
(1142, 11, 7, 'BDH', '2021-12-03', '2021-11-18 11:53:16', '2'),
(1143, 11, 15, '', '0000-00-00', '2021-11-18 11:53:16', ''),
(1144, 11, 15, '', '0000-00-00', '2021-11-18 11:53:16', ''),
(1145, 11, 10, 'Surveillance', '2021-12-06', '2021-11-18 11:53:16', '2'),
(1146, 11, 2, 'PCare RPU', '2021-12-07', '2021-11-18 11:53:16', '2'),
(1147, 11, 11, 'SCR', '2021-12-08', '2021-11-18 11:53:16', '2'),
(1148, 11, 7, 'BDH', '2021-12-09', '2021-11-18 11:53:16', '2'),
(1149, 11, 14, 'LP', '2021-12-10', '2021-11-18 11:53:16', '2'),
(1150, 11, 7, 'BDH', '2021-12-11', '2021-11-18 11:53:16', '2'),
(1151, 11, 15, '', '0000-00-00', '2021-11-18 11:53:16', ''),
(1152, 11, 5, 'PB', '2021-12-13', '2021-11-18 11:53:16', '2'),
(1153, 11, 11, 'SCR', '2021-12-14', '2021-11-18 11:53:16', '2'),
(1154, 11, 2, 'PCare RPU', '2021-12-15', '2021-11-18 11:53:16', '2'),
(1155, 11, 7, 'BDH', '2021-12-16', '2021-11-18 11:53:16', '2'),
(1156, 11, 5, 'PB', '2021-12-17', '2021-11-18 11:53:16', '2'),
(1157, 11, 12, 'KKR', '2021-12-18', '2021-11-18 11:53:16', '2'),
(1158, 11, 15, '', '0000-00-00', '2021-11-18 11:53:16', ''),
(1159, 11, 5, 'PB', '2021-12-20', '2021-11-18 11:53:16', '2'),
(1160, 11, 12, 'KKR', '2021-12-21', '2021-11-18 11:53:16', '2'),
(1161, 11, 10, 'Surveillance', '2021-12-22', '2021-11-18 11:53:16', '2'),
(1162, 11, 5, 'PB', '2021-12-23', '2021-11-18 11:53:16', '2'),
(1163, 11, 11, 'SCR', '2021-12-24', '2021-11-18 11:53:16', '2'),
(1164, 11, 5, 'PB', '2021-12-25', '2021-11-18 11:53:16', '2'),
(1165, 11, 15, '', '0000-00-00', '2021-11-18 11:53:16', ''),
(1166, 11, 1, 'RPU', '2021-12-27', '2021-11-18 11:53:16', '2'),
(1167, 11, 5, 'PB', '2021-12-28', '2021-11-18 11:53:16', '2'),
(1168, 11, 4, 'IVA/PTM', '2021-12-29', '2021-11-18 11:53:16', '2'),
(1169, 11, 12, 'KKR', '2021-12-30', '2021-11-18 11:53:16', '2'),
(1170, 11, 7, 'BDH', '2021-12-31', '2021-11-18 11:53:16', '2'),
(1171, 12, 9, 'Mtbs/RT', '2021-12-01', '2021-11-18 11:53:16', '1'),
(1172, 12, 6, 'KR', '2021-12-02', '2021-11-18 11:53:16', '1'),
(1173, 12, 8, 'Aster', '2021-12-03', '2021-11-18 11:53:16', '1'),
(1174, 12, 15, 'PKD', '2021-12-04', '2021-11-18 11:53:16', '1'),
(1175, 12, 15, '', '0000-00-00', '2021-11-18 11:53:16', ''),
(1176, 12, 7, 'BDH', '2021-12-06', '2021-11-18 11:53:16', '1'),
(1177, 12, 5, 'PB', '2021-12-07', '2021-11-18 11:53:16', '1'),
(1178, 12, 4, 'IVA/PTM', '2021-12-08', '2021-11-18 11:53:16', '1'),
(1179, 12, 2, 'PCare RPU', '2021-12-09', '2021-11-18 11:53:16', '1'),
(1180, 12, 5, 'PB', '2021-12-10', '2021-11-18 11:53:16', '1'),
(1181, 12, 10, 'Surveillance', '2021-12-11', '2021-11-18 11:53:16', '3'),
(1182, 12, 15, '', '0000-00-00', '2021-11-18 11:53:16', ''),
(1183, 12, 11, 'SCR', '2021-12-13', '2021-11-18 11:53:16', '1'),
(1184, 12, 2, 'PCare RPU', '2021-12-14', '2021-11-18 11:53:16', '1'),
(1185, 12, 10, 'Surveillance', '2021-12-15', '2021-11-18 11:53:16', '3'),
(1186, 12, 4, 'IVA/PTM', '2021-12-16', '2021-11-18 11:53:16', '1'),
(1187, 12, 10, 'Surveillance', '2021-12-17', '2021-11-18 11:53:16', '3'),
(1188, 12, 15, 'PKD', '2021-12-18', '2021-11-18 11:53:16', '1'),
(1189, 12, 15, '', '0000-00-00', '2021-11-18 11:53:16', ''),
(1190, 12, 11, 'SCR', '2021-12-20', '2021-11-18 11:53:16', '1'),
(1191, 12, 4, 'IVA/PTM', '2021-12-21', '2021-11-18 11:53:16', '1'),
(1192, 12, 9, 'Mtbs/RT', '2021-12-22', '2021-11-18 11:53:16', '1'),
(1193, 12, 13, 'Prolanis', '2021-12-23', '2021-11-18 11:53:16', '1'),
(1194, 12, 10, 'Surveillance', '2021-12-24', '2021-11-18 11:53:16', '3'),
(1195, 12, 3, 'R.Inf', '2021-12-25', '2021-11-18 11:53:16', '1'),
(1196, 12, 15, '', '0000-00-00', '2021-11-18 11:53:16', ''),
(1197, 12, 3, 'R.Inf', '2021-12-27', '2021-11-18 11:53:16', '1'),
(1198, 12, 14, 'LP', '2021-12-28', '2021-11-18 11:53:16', '1'),
(1199, 12, 11, 'SCR', '2021-12-29', '2021-11-18 11:53:16', '1'),
(1200, 12, 4, 'IVA/PTM', '2021-12-30', '2021-11-18 11:53:16', '1'),
(1201, 12, 11, 'SCR', '2021-12-31', '2021-11-18 11:53:16', '1'),
(1202, 13, 1, 'Ruang Pelayanan Umum', '2021-11-01', '2021-11-18 11:53:16', '1'),
(1203, 13, 4, 'IVA/PTM', '2021-12-02', '2021-11-18 11:53:16', '1'),
(1204, 13, 2, 'PCare RPU', '2021-12-03', '2021-11-18 11:53:16', '1'),
(1205, 13, 13, 'Prolanis', '2021-12-04', '2021-11-18 11:53:16', '1'),
(1206, 13, 15, '', '0000-00-00', '2021-11-18 11:53:16', ''),
(1207, 13, 12, 'KKR', '2021-12-06', '2021-11-18 11:53:16', '1'),
(1208, 13, 6, 'KR', '2021-12-07', '2021-11-18 11:53:16', '1'),
(1209, 13, 15, 'PKD', '2021-12-08', '2021-11-18 11:53:16', '1'),
(1210, 13, 1, 'RPU', '2021-12-09', '2021-11-18 11:53:16', '1'),
(1211, 13, 11, 'SCR', '2021-12-10', '2021-11-18 11:53:16', '1'),
(1212, 13, 2, 'PCare RPU', '2021-12-11', '2021-11-18 11:53:16', '1'),
(1213, 13, 15, '', '0000-00-00', '2021-11-18 11:53:16', ''),
(1214, 13, 14, 'LP', '2021-12-13', '2021-11-18 11:53:16', '1'),
(1215, 13, 6, 'KR', '2021-12-14', '2021-11-18 11:53:16', '1'),
(1216, 13, 12, 'KKR', '2021-12-15', '2021-11-18 11:53:16', '1'),
(1217, 13, 12, 'KKR', '2021-12-16', '2021-11-18 11:53:16', '1'),
(1218, 13, 8, 'Aster', '2021-12-17', '2021-11-18 11:53:16', '1'),
(1219, 13, 4, 'IVA/PTM', '2021-12-18', '2021-11-18 11:53:16', '1'),
(1220, 13, 15, '', '0000-00-00', '2021-11-18 11:53:16', ''),
(1221, 13, 10, 'Surveillance', '2021-12-20', '2021-11-18 11:53:16', '1'),
(1222, 13, 13, 'Prolanis', '2021-12-21', '2021-11-18 11:53:16', '1'),
(1223, 13, 9, 'Mtbs/RT', '2021-12-22', '2021-11-18 11:53:16', '1'),
(1224, 13, 4, 'IVA/PTM', '2021-12-23', '2021-11-18 11:53:16', '1'),
(1225, 13, 2, 'PCare RPU', '2021-12-24', '2021-11-18 11:53:16', '1'),
(1226, 13, 3, 'R.Inf', '2021-12-25', '2021-11-18 11:53:16', '1'),
(1227, 13, 15, '', '0000-00-00', '2021-11-18 11:53:16', ''),
(1228, 13, 11, 'SCR', '2021-12-27', '2021-11-18 11:53:16', '1'),
(1229, 13, 12, 'KKR', '2021-12-28', '2021-11-18 11:53:16', '1'),
(1230, 13, 15, 'PKD', '2021-12-29', '2021-11-18 11:53:16', '1'),
(1231, 13, 2, 'PCare RPU', '2021-12-30', '2021-11-18 11:53:16', '1'),
(1232, 13, 15, '', '0000-00-00', '2021-11-18 11:53:16', ''),
(1233, 1, 1, 'RPU', '2021-12-01', '2021-12-02 07:39:25', '3'),
(1234, 1, 3, 'R.Inf', '2021-12-02', '2021-12-02 07:39:25', '3'),
(1235, 1, 1, 'RPU', '2021-12-03', '2021-12-02 07:39:25', '3'),
(1236, 1, 3, 'R.Inf', '2021-12-04', '2021-12-02 07:39:25', '3'),
(1237, 1, 6, 'KR', '2021-12-05', '2021-12-02 07:39:25', '-1'),
(1238, 1, 1, 'RPU', '2021-12-06', '2021-12-02 07:39:25', '3'),
(1239, 1, 3, 'R.Inf', '2021-12-07', '2021-12-02 07:39:25', '3'),
(1240, 1, 1, 'RPU', '2021-12-08', '2021-12-02 07:39:25', '3'),
(1241, 1, 3, 'R.Inf', '2021-12-09', '2021-12-02 07:39:25', '3'),
(1242, 1, 1, 'RPU', '2021-12-10', '2021-12-02 07:39:25', '3'),
(1243, 1, 3, 'R.Inf', '2021-12-11', '2021-12-02 07:39:25', '3'),
(1244, 1, 4, 'IVA/PTM', '2021-12-12', '2021-12-02 07:39:25', '-1'),
(1245, 1, 1, 'RPU', '2021-12-13', '2021-12-02 07:39:25', '3'),
(1246, 1, 3, 'R.Inf', '2021-12-14', '2021-12-02 07:39:25', '3'),
(1247, 1, 1, 'RPU', '2021-12-15', '2021-12-02 07:39:25', '3'),
(1248, 1, 3, 'R.Inf', '2021-12-16', '2021-12-02 07:39:25', '3'),
(1249, 1, 1, 'RPU', '2021-12-17', '2021-12-02 07:39:25', '3'),
(1250, 1, 3, 'R.Inf', '2021-12-18', '2021-12-02 07:39:25', '3'),
(1251, 1, 6, 'KR', '2021-12-19', '2021-12-02 07:39:25', '-1'),
(1252, 1, 1, 'RPU', '2021-12-20', '2021-12-02 07:39:25', '3'),
(1253, 1, 3, 'R.Inf', '2021-12-21', '2021-12-02 07:39:25', '3'),
(1254, 1, 1, 'RPU', '2021-12-22', '2021-12-02 07:39:25', '3'),
(1255, 1, 3, 'R.Inf', '2021-12-23', '2021-12-02 07:39:25', '3'),
(1256, 1, 13, 'Prolanis', '2021-12-24', '2021-12-02 07:39:25', '3'),
(1257, 1, 3, 'R.Inf', '2021-12-25', '2021-12-02 07:39:25', '3'),
(1258, 1, 3, 'R.Inf', '2021-12-26', '2021-12-02 07:39:25', '-1'),
(1259, 1, 1, 'RPU', '2021-12-27', '2021-12-02 07:39:25', '3'),
(1260, 1, 3, 'R.Inf', '2021-12-28', '2021-12-02 07:39:25', '3'),
(1261, 1, 1, 'RPU', '2021-12-29', '2021-12-02 07:39:25', '3'),
(1262, 1, 3, 'R.Inf', '2021-12-30', '2021-12-02 07:39:25', '3'),
(1263, 1, 1, 'RPU', '2021-12-31', '2021-12-02 07:39:25', '3'),
(1264, 2, 3, 'R.Inf', '2021-12-01', '2021-12-02 07:39:25', '3'),
(1265, 2, 1, 'RPU', '2021-12-02', '2021-12-02 07:39:25', '3'),
(1266, 2, 3, 'R.Inf', '2021-12-03', '2021-12-02 07:39:25', '3'),
(1267, 2, 1, 'RPU', '2021-12-04', '2021-12-02 07:39:25', '3'),
(1268, 2, 8, 'Aster', '2021-12-05', '2021-12-02 07:39:25', '-1'),
(1269, 2, 3, 'R.Inf', '2021-12-06', '2021-12-02 07:39:25', '3'),
(1270, 2, 1, 'RPU', '2021-12-07', '2021-12-02 07:39:25', '3'),
(1271, 2, 3, 'R.Inf', '2021-12-08', '2021-12-02 07:39:25', '3'),
(1272, 2, 1, 'RPU', '2021-12-09', '2021-12-02 07:39:25', '3'),
(1273, 2, 3, 'R.Inf', '2021-12-10', '2021-12-02 07:39:25', '3'),
(1274, 2, 1, 'RPU', '2021-12-11', '2021-12-02 07:39:25', '3'),
(1275, 2, 7, 'BDH', '2021-12-12', '2021-12-02 07:39:25', '-1'),
(1276, 2, 3, 'R.Inf', '2021-12-13', '2021-12-02 07:39:25', '3'),
(1277, 2, 1, 'RPU', '2021-12-14', '2021-12-02 07:39:25', '3'),
(1278, 2, 3, 'R.Inf', '2021-12-15', '2021-12-02 07:39:25', '3'),
(1279, 2, 1, 'RPU', '2021-12-16', '2021-12-02 07:39:25', '3'),
(1280, 2, 3, 'R.Inf', '2021-12-17', '2021-12-02 07:39:25', '3'),
(1281, 2, 1, 'RPU', '2021-12-18', '2021-12-02 07:39:25', '3'),
(1282, 2, 3, 'R.Inf', '2021-12-19', '2021-12-02 07:39:25', '-1'),
(1283, 2, 3, 'R.Inf', '2021-12-20', '2021-12-02 07:39:25', '3'),
(1284, 2, 1, 'RPU', '2021-12-21', '2021-12-02 07:39:25', '3'),
(1285, 2, 3, 'R.Inf', '2021-12-22', '2021-12-02 07:39:25', '3'),
(1286, 2, 1, 'RPU', '2021-12-23', '2021-12-02 07:39:25', '3'),
(1287, 2, 3, 'R.Inf', '2021-12-24', '2021-12-02 07:39:25', '3'),
(1288, 2, 1, 'RPU', '2021-12-25', '2021-12-02 07:39:25', '3'),
(1289, 2, 11, 'SCR', '2021-12-26', '2021-12-02 07:39:25', '-1'),
(1290, 2, 3, 'R.Inf', '2021-12-27', '2021-12-02 07:39:25', '3'),
(1291, 2, 1, 'RPU', '2021-12-28', '2021-12-02 07:39:25', '3'),
(1292, 2, 3, 'R.Inf', '2021-12-29', '2021-12-02 07:39:25', '3'),
(1293, 2, 1, 'RPU', '2021-12-30', '2021-12-02 07:39:25', '3'),
(1294, 2, 3, 'R.Inf', '2021-12-31', '2021-12-02 07:39:25', '3'),
(1295, 3, 4, 'IVA/PTM', '2021-12-01', '2021-12-02 07:39:25', '2'),
(1296, 3, 14, 'LP', '2021-12-02', '2021-12-02 07:39:25', '2'),
(1297, 3, 7, 'BDH', '2021-12-03', '2021-12-02 07:39:25', '2'),
(1298, 3, 14, 'LP', '2021-12-04', '2021-12-02 07:39:25', '2'),
(1299, 3, 4, 'IVA/PTM', '2021-12-05', '2021-12-02 07:39:25', '-1'),
(1300, 3, 6, 'KR', '2021-12-06', '2021-12-02 07:39:25', '2'),
(1301, 3, 6, 'KR', '2021-12-07', '2021-12-02 07:39:25', '2'),
(1302, 3, 2, 'PCare RPU', '2021-12-08', '2021-12-02 07:39:25', '2'),
(1303, 3, 9, 'Mtbs/RT', '2021-12-09', '2021-12-02 07:39:25', '2'),
(1304, 3, 1, 'RPU', '2021-12-10', '2021-12-02 07:39:25', '2'),
(1305, 3, 5, 'PB', '2021-12-11', '2021-12-02 07:39:25', '3'),
(1306, 3, 15, 'PKD', '2021-12-12', '2021-12-02 07:39:25', '-1'),
(1307, 3, 9, 'Mtbs/RT', '2021-12-13', '2021-12-02 07:39:25', '2'),
(1308, 3, 14, 'LP', '2021-12-14', '2021-12-02 07:39:25', '2'),
(1309, 3, 1, 'RPU', '2021-12-15', '2021-12-02 07:39:25', '2'),
(1310, 3, 10, 'Surveillance', '2021-12-16', '2021-12-02 07:39:25', '2'),
(1311, 3, 1, 'RPU', '2021-12-17', '2021-12-02 07:39:25', '2'),
(1312, 3, 12, 'KKR', '2021-12-18', '2021-12-02 07:39:25', '2'),
(1313, 3, 6, 'KR', '2021-12-19', '2021-12-02 07:39:25', '-1'),
(1314, 3, 6, 'KR', '2021-12-20', '2021-12-02 07:39:25', '2'),
(1315, 3, 7, 'BDH', '2021-12-21', '2021-12-02 07:39:25', '2'),
(1316, 3, 11, 'SCR', '2021-12-22', '2021-12-02 07:39:25', '2'),
(1317, 3, 8, 'Aster', '2021-12-23', '2021-12-02 07:39:25', '2'),
(1318, 3, 11, 'SCR', '2021-12-24', '2021-12-02 07:39:25', '2'),
(1319, 3, 4, 'IVA/PTM', '2021-12-25', '2021-12-02 07:39:25', '2'),
(1320, 3, 4, 'IVA/PTM', '2021-12-26', '2021-12-02 07:39:25', '-1'),
(1321, 3, 1, 'RPU', '2021-12-27', '2021-12-02 07:39:25', '2'),
(1322, 3, 15, 'PKD', '2021-12-28', '2021-12-02 07:39:25', '2'),
(1323, 3, 4, 'IVA/PTM', '2021-12-29', '2021-12-02 07:39:25', '2'),
(1324, 3, 13, 'Prolanis', '2021-12-30', '2021-12-02 07:39:25', '2'),
(1325, 3, 9, 'Mtbs/RT', '2021-12-31', '2021-12-02 07:39:25', '2'),
(1326, 4, 4, 'IVA/PTM', '2021-12-01', '2021-12-02 07:39:25', '2'),
(1327, 4, 10, 'Surveillance', '2021-12-02', '2021-12-02 07:39:25', '2'),
(1328, 4, 1, 'RPU', '2021-12-03', '2021-12-02 07:39:25', '2'),
(1329, 4, 9, 'Mtbs/RT', '2021-12-04', '2021-12-02 07:39:25', '2'),
(1330, 4, 11, 'SCR', '2021-12-05', '2021-12-02 07:39:25', '-1'),
(1331, 4, 12, 'KKR', '2021-12-06', '2021-12-02 07:39:25', '2'),
(1332, 4, 5, 'PB', '2021-12-07', '2021-12-02 07:39:25', '3'),
(1333, 4, 13, 'Prolanis', '2021-12-08', '2021-12-02 07:39:25', '2'),
(1334, 4, 5, 'PB', '2021-12-09', '2021-12-02 07:39:25', '3'),
(1335, 4, 7, 'BDH', '2021-12-10', '2021-12-02 07:39:25', '2'),
(1336, 4, 10, 'Surveillance', '2021-12-11', '2021-12-02 07:39:25', '2'),
(1337, 4, 15, 'PKD', '2021-12-12', '2021-12-02 07:39:25', '-1'),
(1338, 4, 9, 'Mtbs/RT', '2021-12-13', '2021-12-02 07:39:25', '2'),
(1339, 4, 11, 'SCR', '2021-12-14', '2021-12-02 07:39:25', '2'),
(1340, 4, 1, 'RPU', '2021-12-15', '2021-12-02 07:39:25', '2'),
(1341, 4, 10, 'Surveillance', '2021-12-16', '2021-12-02 07:39:25', '2'),
(1342, 4, 2, 'PCare RPU', '2021-12-17', '2021-12-02 07:39:25', '2'),
(1343, 4, 14, 'LP', '2021-12-18', '2021-12-02 07:39:25', '2'),
(1344, 4, 4, 'IVA/PTM', '2021-12-19', '2021-12-02 07:39:25', '-1'),
(1345, 4, 3, 'R.Inf', '2021-12-20', '2021-12-02 07:39:25', '2'),
(1346, 4, 14, 'LP', '2021-12-21', '2021-12-02 07:39:25', '2'),
(1347, 4, 9, 'Mtbs/RT', '2021-12-22', '2021-12-02 07:39:25', '2'),
(1348, 4, 8, 'Aster', '2021-12-23', '2021-12-02 07:39:25', '2'),
(1349, 4, 4, 'IVA/PTM', '2021-12-24', '2021-12-02 07:39:25', '2'),
(1350, 4, 7, 'BDH', '2021-12-25', '2021-12-02 07:39:25', '2'),
(1351, 4, 2, 'PCare RPU', '2021-12-26', '2021-12-02 07:39:25', '-1'),
(1352, 4, 8, 'Aster', '2021-12-27', '2021-12-02 07:39:25', '2'),
(1353, 4, 3, 'R.Inf', '2021-12-28', '2021-12-02 07:39:25', '2'),
(1354, 4, 11, 'SCR', '2021-12-29', '2021-12-02 07:39:25', '2'),
(1355, 4, 15, 'PKD', '2021-12-30', '2021-12-02 07:39:25', '2'),
(1356, 4, 6, 'KR', '2021-12-31', '2021-12-02 07:39:25', '2'),
(1357, 5, 13, 'Prolanis', '2021-12-01', '2021-12-02 07:39:25', '2'),
(1358, 5, 6, 'KR', '2021-12-02', '2021-12-02 07:39:25', '2'),
(1359, 5, 3, 'R.Inf', '2021-12-03', '2021-12-02 07:39:25', '2'),
(1360, 5, 3, 'R.Inf', '2021-12-04', '2021-12-02 07:39:25', '2'),
(1361, 5, 5, 'PB', '2021-12-05', '2021-12-02 07:39:25', '-1'),
(1362, 5, 14, 'LP', '2021-12-06', '2021-12-02 07:39:25', '2'),
(1363, 5, 15, 'PKD', '2021-12-07', '2021-12-02 07:39:25', '2'),
(1364, 5, 7, 'BDH', '2021-12-08', '2021-12-02 07:39:25', '2'),
(1365, 5, 12, 'KKR', '2021-12-09', '2021-12-02 07:39:25', '2'),
(1366, 5, 9, 'Mtbs/RT', '2021-12-10', '2021-12-02 07:39:25', '2'),
(1367, 5, 3, 'R.Inf', '2021-12-11', '2021-12-02 07:39:25', '2'),
(1368, 5, 15, 'PKD', '2021-12-12', '2021-12-02 07:39:25', '-1'),
(1369, 5, 5, 'PB', '2021-12-13', '2021-12-02 07:39:25', '3'),
(1370, 5, 1, 'RPU', '2021-12-14', '2021-12-02 07:39:25', '2'),
(1371, 5, 2, 'PCare RPU', '2021-12-15', '2021-12-02 07:39:25', '2'),
(1372, 5, 12, 'KKR', '2021-12-16', '2021-12-02 07:39:25', '2'),
(1373, 5, 11, 'SCR', '2021-12-17', '2021-12-02 07:39:25', '2'),
(1374, 5, 9, 'Mtbs/RT', '2021-12-18', '2021-12-02 07:39:25', '2'),
(1375, 5, 12, 'KKR', '2021-12-19', '2021-12-02 07:39:25', '-1'),
(1376, 5, 14, 'LP', '2021-12-20', '2021-12-02 07:39:25', '2'),
(1377, 5, 7, 'BDH', '2021-12-21', '2021-12-02 07:39:25', '2'),
(1378, 5, 9, 'Mtbs/RT', '2021-12-22', '2021-12-02 07:39:25', '2'),
(1379, 5, 5, 'PB', '2021-12-23', '2021-12-02 07:39:25', '3'),
(1380, 5, 13, 'Prolanis', '2021-12-24', '2021-12-02 07:39:25', '2'),
(1381, 5, 6, 'KR', '2021-12-25', '2021-12-02 07:39:25', '2'),
(1382, 5, 9, 'Mtbs/RT', '2021-12-26', '2021-12-02 07:39:25', '-1'),
(1383, 5, 10, 'Surveillance', '2021-12-27', '2021-12-02 07:39:25', '2'),
(1384, 5, 3, 'R.Inf', '2021-12-28', '2021-12-02 07:39:25', '2'),
(1385, 5, 2, 'PCare RPU', '2021-12-29', '2021-12-02 07:39:25', '2'),
(1386, 5, 5, 'PB', '2021-12-30', '2021-12-02 07:39:25', '3'),
(1387, 5, 4, 'IVA/PTM', '2021-12-31', '2021-12-02 07:39:25', '2'),
(1388, 6, 13, 'Prolanis', '2021-12-01', '2021-12-02 07:39:25', '2'),
(1389, 6, 4, 'IVA/PTM', '2021-12-02', '2021-12-02 07:39:25', '2'),
(1390, 6, 10, 'Surveillance', '2021-12-03', '2021-12-02 07:39:25', '2'),
(1391, 6, 10, 'Surveillance', '2021-12-04', '2021-12-02 07:39:25', '2'),
(1392, 6, 3, 'R.Inf', '2021-12-05', '2021-12-02 07:39:25', '-1'),
(1393, 6, 3, 'R.Inf', '2021-12-06', '2021-12-02 07:39:25', '3'),
(1394, 6, 2, 'PCare RPU', '2021-12-07', '2021-12-02 07:39:25', '2'),
(1395, 6, 4, 'IVA/PTM', '2021-12-08', '2021-12-02 07:39:25', '2'),
(1396, 6, 13, 'Prolanis', '2021-12-09', '2021-12-02 07:39:25', '2'),
(1397, 6, 2, 'PCare RPU', '2021-12-10', '2021-12-02 07:39:25', '2'),
(1398, 6, 4, 'IVA/PTM', '2021-12-11', '2021-12-02 07:39:25', '2'),
(1399, 6, 13, 'Prolanis', '2021-12-12', '2021-12-02 07:39:25', '-1'),
(1400, 6, 3, 'R.Inf', '2021-12-13', '2021-12-02 07:39:25', '3'),
(1401, 6, 8, 'Aster', '2021-12-14', '2021-12-02 07:39:25', '2'),
(1402, 6, 10, 'Surveillance', '2021-12-15', '2021-12-02 07:39:25', '2'),
(1403, 6, 1, 'RPU', '2021-12-16', '2021-12-02 07:39:25', '2'),
(1404, 6, 6, 'KR', '2021-12-17', '2021-12-02 07:39:25', '2'),
(1405, 6, 9, 'Mtbs/RT', '2021-12-18', '2021-12-02 07:39:25', '2'),
(1406, 6, 6, 'KR', '2021-12-19', '2021-12-02 07:39:25', '-1'),
(1407, 6, 3, 'R.Inf', '2021-12-20', '2021-12-02 07:39:25', '3'),
(1408, 6, 6, 'KR', '2021-12-21', '2021-12-02 07:39:25', '2'),
(1409, 6, 10, 'Surveillance', '2021-12-22', '2021-12-02 07:39:25', '2'),
(1410, 6, 4, 'IVA/PTM', '2021-12-23', '2021-12-02 07:39:25', '2'),
(1411, 6, 6, 'KR', '2021-12-24', '2021-12-02 07:39:25', '2'),
(1412, 6, 11, 'SCR', '2021-12-25', '2021-12-02 07:39:25', '2'),
(1413, 6, 10, 'Surveillance', '2021-12-26', '2021-12-02 07:39:25', '-1'),
(1414, 6, 3, 'R.Inf', '2021-12-27', '2021-12-02 07:39:25', '3'),
(1415, 6, 14, 'LP', '2021-12-28', '2021-12-02 07:39:25', '2'),
(1416, 6, 2, 'PCare RPU', '2021-12-29', '2021-12-02 07:39:25', '2'),
(1417, 6, 15, 'PKD', '2021-12-30', '2021-12-02 07:39:25', '2'),
(1418, 6, 13, 'Prolanis', '2021-12-31', '2021-12-02 07:39:25', '2'),
(1419, 7, 8, 'Aster', '2021-12-01', '2021-12-02 07:39:25', '2'),
(1420, 7, 5, 'PB', '2021-12-02', '2021-12-02 07:39:25', '2'),
(1421, 7, 2, 'PCare RPU', '2021-12-03', '2021-12-02 07:39:25', '2'),
(1422, 7, 5, 'PB', '2021-12-04', '2021-12-02 07:39:25', '2'),
(1423, 7, 12, 'KKR', '2021-12-05', '2021-12-02 07:39:25', '-1'),
(1424, 7, 11, 'SCR', '2021-12-06', '2021-12-02 07:39:25', '2'),
(1425, 7, 4, 'IVA/PTM', '2021-12-07', '2021-12-02 07:39:25', '2'),
(1426, 7, 5, 'PB', '2021-12-08', '2021-12-02 07:39:25', '2'),
(1427, 7, 11, 'SCR', '2021-12-09', '2021-12-02 07:39:25', '2'),
(1428, 7, 2, 'PCare RPU', '2021-12-10', '2021-12-02 07:39:25', '2'),
(1429, 7, 1, 'RPU', '2021-12-11', '2021-12-02 07:39:25', '2'),
(1430, 7, 13, 'Prolanis', '2021-12-12', '2021-12-02 07:39:25', '-1'),
(1431, 7, 3, 'R.Inf', '2021-12-13', '2021-12-02 07:39:25', '2'),
(1432, 7, 1, 'RPU', '2021-12-14', '2021-12-02 07:39:25', '2'),
(1433, 7, 5, 'PB', '2021-12-15', '2021-12-02 07:39:25', '2'),
(1434, 7, 15, 'PKD', '2021-12-16', '2021-12-02 07:39:25', '2'),
(1435, 7, 10, 'Surveillance', '2021-12-17', '2021-12-02 07:39:25', '2'),
(1436, 7, 9, 'Mtbs/RT', '2021-12-18', '2021-12-02 07:39:25', '2'),
(1437, 7, 5, 'PB', '2021-12-19', '2021-12-02 07:39:25', '-1'),
(1438, 7, 5, 'PB', '2021-12-20', '2021-12-02 07:39:25', '2'),
(1439, 7, 13, 'Prolanis', '2021-12-21', '2021-12-02 07:39:25', '2'),
(1440, 7, 9, 'Mtbs/RT', '2021-12-22', '2021-12-02 07:39:25', '2'),
(1441, 7, 2, 'PCare RPU', '2021-12-23', '2021-12-02 07:39:25', '2'),
(1442, 7, 10, 'Surveillance', '2021-12-24', '2021-12-02 07:39:25', '2'),
(1443, 7, 5, 'PB', '2021-12-25', '2021-12-02 07:39:25', '2'),
(1444, 7, 14, 'LP', '2021-12-26', '2021-12-02 07:39:25', '-1'),
(1445, 7, 10, 'Surveillance', '2021-12-27', '2021-12-02 07:39:25', '2'),
(1446, 7, 6, 'KR', '2021-12-28', '2021-12-02 07:39:25', '2'),
(1447, 7, 3, 'R.Inf', '2021-12-29', '2021-12-02 07:39:25', '2'),
(1448, 7, 6, 'KR', '2021-12-30', '2021-12-02 07:39:25', '2'),
(1449, 7, 2, 'PCare RPU', '2021-12-31', '2021-12-02 07:39:25', '2'),
(1450, 8, 15, 'PKD', '2021-12-01', '2021-12-02 07:39:25', '3'),
(1451, 8, 15, 'PKD', '2021-12-02', '2021-12-02 07:39:25', '3'),
(1452, 8, 15, 'PKD', '2021-12-03', '2021-12-02 07:39:25', '3'),
(1453, 8, 15, 'PKD', '2021-12-04', '2021-12-02 07:39:25', '3'),
(1454, 8, 3, 'R.Inf', '2021-12-05', '2021-12-02 07:39:25', '-1'),
(1455, 8, 15, 'PKD', '2021-12-06', '2021-12-02 07:39:25', '3'),
(1456, 8, 15, 'PKD', '2021-12-07', '2021-12-02 07:39:25', '3'),
(1457, 8, 15, 'PKD', '2021-12-08', '2021-12-02 07:39:25', '3'),
(1458, 8, 15, 'PKD', '2021-12-09', '2021-12-02 07:39:25', '3'),
(1459, 8, 15, 'PKD', '2021-12-10', '2021-12-02 07:39:25', '3'),
(1460, 8, 15, 'PKD', '2021-12-11', '2021-12-02 07:39:25', '3'),
(1461, 8, 6, 'KR', '2021-12-12', '2021-12-02 07:39:25', '-1'),
(1462, 8, 15, 'PKD', '2021-12-13', '2021-12-02 07:39:25', '3'),
(1463, 8, 15, 'PKD', '2021-12-14', '2021-12-02 07:39:25', '3'),
(1464, 8, 15, 'PKD', '2021-12-15', '2021-12-02 07:39:25', '3'),
(1465, 8, 15, 'PKD', '2021-12-16', '2021-12-02 07:39:25', '3'),
(1466, 8, 15, 'PKD', '2021-12-17', '2021-12-02 07:39:25', '3'),
(1467, 8, 15, 'PKD', '2021-12-18', '2021-12-02 07:39:25', '3'),
(1468, 8, 12, 'KKR', '2021-12-19', '2021-12-02 07:39:25', '-1'),
(1469, 8, 15, 'PKD', '2021-12-20', '2021-12-02 07:39:25', '3'),
(1470, 8, 15, 'PKD', '2021-12-21', '2021-12-02 07:39:25', '3'),
(1471, 8, 15, 'PKD', '2021-12-22', '2021-12-02 07:39:25', '3'),
(1472, 8, 15, 'PKD', '2021-12-23', '2021-12-02 07:39:25', '3'),
(1473, 8, 13, 'Prolanis', '2021-12-24', '2021-12-02 07:39:25', '3'),
(1474, 8, 15, 'PKD', '2021-12-25', '2021-12-02 07:39:25', '3'),
(1475, 8, 11, 'SCR', '2021-12-26', '2021-12-02 07:39:25', '-1'),
(1476, 8, 15, 'PKD', '2021-12-27', '2021-12-02 07:39:25', '3'),
(1477, 8, 15, 'PKD', '2021-12-28', '2021-12-02 07:39:25', '3'),
(1478, 8, 15, 'PKD', '2021-12-29', '2021-12-02 07:39:25', '3'),
(1479, 8, 15, 'PKD', '2021-12-30', '2021-12-02 07:39:25', '3'),
(1480, 8, 15, 'PKD', '2021-12-31', '2021-12-02 07:39:25', '3'),
(1481, 9, 1, 'RPU', '2021-12-01', '2021-12-02 07:39:25', '2'),
(1482, 9, 2, 'PCare RPU', '2021-12-02', '2021-12-02 07:39:25', '2'),
(1483, 9, 10, 'Surveillance', '2021-12-03', '2021-12-02 07:39:25', '2'),
(1484, 9, 9, 'Mtbs/RT', '2021-12-04', '2021-12-02 07:39:25', '2'),
(1485, 9, 13, 'Prolanis', '2021-12-05', '2021-12-02 07:39:25', '-1'),
(1486, 9, 4, 'IVA/PTM', '2021-12-06', '2021-12-02 07:39:25', '2'),
(1487, 9, 13, 'Prolanis', '2021-12-07', '2021-12-02 07:39:25', '2'),
(1488, 9, 3, 'R.Inf', '2021-12-08', '2021-12-02 07:39:25', '2'),
(1489, 9, 13, 'Prolanis', '2021-12-09', '2021-12-02 07:39:25', '2'),
(1490, 9, 2, 'PCare RPU', '2021-12-10', '2021-12-02 07:39:25', '2'),
(1491, 9, 8, 'Aster', '2021-12-11', '2021-12-02 07:39:25', '2'),
(1492, 9, 7, 'BDH', '2021-12-12', '2021-12-02 07:39:25', '-1'),
(1493, 9, 7, 'BDH', '2021-12-13', '2021-12-02 07:39:25', '2'),
(1494, 9, 6, 'KR', '2021-12-14', '2021-12-02 07:39:25', '2'),
(1495, 9, 15, 'PKD', '2021-12-15', '2021-12-02 07:39:25', '2'),
(1496, 9, 4, 'IVA/PTM', '2021-12-16', '2021-12-02 07:39:25', '2'),
(1497, 9, 11, 'SCR', '2021-12-17', '2021-12-02 07:39:25', '2'),
(1498, 9, 14, 'LP', '2021-12-18', '2021-12-02 07:39:25', '2'),
(1499, 9, 10, 'Surveillance', '2021-12-19', '2021-12-02 07:39:25', '-1'),
(1500, 9, 15, 'PKD', '2021-12-20', '2021-12-02 07:39:25', '2'),
(1501, 9, 1, 'RPU', '2021-12-21', '2021-12-02 07:39:25', '2'),
(1502, 9, 10, 'Surveillance', '2021-12-22', '2021-12-02 07:39:25', '2'),
(1503, 9, 14, 'LP', '2021-12-23', '2021-12-02 07:39:25', '2'),
(1504, 9, 11, 'SCR', '2021-12-24', '2021-12-02 07:39:25', '2'),
(1505, 9, 1, 'RPU', '2021-12-25', '2021-12-02 07:39:25', '2'),
(1506, 9, 14, 'LP', '2021-12-26', '2021-12-02 07:39:25', '-1'),
(1507, 9, 15, 'PKD', '2021-12-27', '2021-12-02 07:39:25', '2'),
(1508, 9, 4, 'IVA/PTM', '2021-12-28', '2021-12-02 07:39:25', '2'),
(1509, 9, 9, 'Mtbs/RT', '2021-12-29', '2021-12-02 07:39:25', '2'),
(1510, 9, 9, 'Mtbs/RT', '2021-12-30', '2021-12-02 07:39:25', '2'),
(1511, 9, 6, 'KR', '2021-12-31', '2021-12-02 07:39:25', '2'),
(1512, 10, 3, 'R.Inf', '2021-12-01', '2021-12-02 07:39:25', '2'),
(1513, 10, 3, 'R.Inf', '2021-12-02', '2021-12-02 07:39:25', '2'),
(1514, 10, 3, 'R.Inf', '2021-12-03', '2021-12-02 07:39:25', '2'),
(1515, 10, 2, 'PCare RPU', '2021-12-04', '2021-12-02 07:39:25', '2'),
(1516, 10, 7, 'BDH', '2021-12-05', '2021-12-02 07:39:25', '-1'),
(1517, 10, 8, 'Aster', '2021-12-06', '2021-12-02 07:39:25', '2'),
(1518, 10, 15, 'PKD', '2021-12-07', '2021-12-02 07:39:25', '2'),
(1519, 10, 12, 'KKR', '2021-12-08', '2021-12-02 07:39:25', '2'),
(1520, 10, 11, 'SCR', '2021-12-09', '2021-12-02 07:39:25', '2'),
(1521, 10, 15, 'PKD', '2021-12-10', '2021-12-02 07:39:25', '2'),
(1522, 10, 11, 'SCR', '2021-12-11', '2021-12-02 07:39:25', '2'),
(1523, 10, 15, 'PKD', '2021-12-12', '2021-12-02 07:39:25', '-1'),
(1524, 10, 3, 'R.Inf', '2021-12-13', '2021-12-02 07:39:25', '2'),
(1525, 10, 10, 'Surveillance', '2021-12-14', '2021-12-02 07:39:25', '2'),
(1526, 10, 12, 'KKR', '2021-12-15', '2021-12-02 07:39:25', '2'),
(1527, 10, 4, 'IVA/PTM', '2021-12-16', '2021-12-02 07:39:25', '2'),
(1528, 10, 3, 'R.Inf', '2021-12-17', '2021-12-02 07:39:25', '2'),
(1529, 10, 14, 'LP', '2021-12-18', '2021-12-02 07:39:25', '2'),
(1530, 10, 12, 'KKR', '2021-12-19', '2021-12-02 07:39:25', '-1'),
(1531, 10, 4, 'IVA/PTM', '2021-12-20', '2021-12-02 07:39:25', '2'),
(1532, 10, 15, 'PKD', '2021-12-21', '2021-12-02 07:39:25', '2'),
(1533, 10, 1, 'RPU', '2021-12-22', '2021-12-02 07:39:25', '2'),
(1534, 10, 1, 'RPU', '2021-12-23', '2021-12-02 07:39:25', '2'),
(1535, 10, 4, 'IVA/PTM', '2021-12-24', '2021-12-02 07:39:25', '2'),
(1536, 10, 11, 'SCR', '2021-12-25', '2021-12-02 07:39:25', '2'),
(1537, 10, 2, 'PCare RPU', '2021-12-26', '2021-12-02 07:39:25', '-1'),
(1538, 10, 11, 'SCR', '2021-12-27', '2021-12-02 07:39:25', '2'),
(1539, 10, 12, 'KKR', '2021-12-28', '2021-12-02 07:39:25', '2'),
(1540, 10, 1, 'RPU', '2021-12-29', '2021-12-02 07:39:25', '2'),
(1541, 10, 9, 'Mtbs/RT', '2021-12-30', '2021-12-02 07:39:25', '2'),
(1542, 10, 11, 'SCR', '2021-12-31', '2021-12-02 07:39:25', '2'),
(1543, 11, 12, 'KKR', '2021-12-01', '2021-12-02 07:39:25', '2'),
(1544, 11, 8, 'Aster', '2021-12-02', '2021-12-02 07:39:25', '2'),
(1545, 11, 15, 'PKD', '2021-12-03', '2021-12-02 07:39:25', '2'),
(1546, 11, 11, 'SCR', '2021-12-04', '2021-12-02 07:39:25', '2'),
(1547, 11, 4, 'IVA/PTM', '2021-12-05', '2021-12-02 07:39:25', '-1'),
(1548, 11, 4, 'IVA/PTM', '2021-12-06', '2021-12-02 07:39:25', '2'),
(1549, 11, 4, 'IVA/PTM', '2021-12-07', '2021-12-02 07:39:25', '2'),
(1550, 11, 5, 'PB', '2021-12-08', '2021-12-02 07:39:25', '2'),
(1551, 11, 1, 'RPU', '2021-12-09', '2021-12-02 07:39:25', '2'),
(1552, 11, 14, 'LP', '2021-12-10', '2021-12-02 07:39:25', '2'),
(1553, 11, 7, 'BDH', '2021-12-11', '2021-12-02 07:39:25', '2'),
(1554, 11, 14, 'LP', '2021-12-12', '2021-12-02 07:39:25', '-1'),
(1555, 11, 15, 'PKD', '2021-12-13', '2021-12-02 07:39:25', '2'),
(1556, 11, 3, 'R.Inf', '2021-12-14', '2021-12-02 07:39:25', '2'),
(1557, 11, 6, 'KR', '2021-12-15', '2021-12-02 07:39:25', '2'),
(1558, 11, 7, 'BDH', '2021-12-16', '2021-12-02 07:39:25', '2'),
(1559, 11, 14, 'LP', '2021-12-17', '2021-12-02 07:39:25', '2'),
(1560, 11, 7, 'BDH', '2021-12-18', '2021-12-02 07:39:25', '2'),
(1561, 11, 12, 'KKR', '2021-12-19', '2021-12-02 07:39:25', '-1'),
(1562, 11, 6, 'KR', '2021-12-20', '2021-12-02 07:39:25', '2'),
(1563, 11, 1, 'RPU', '2021-12-21', '2021-12-02 07:39:25', '2'),
(1564, 11, 6, 'KR', '2021-12-22', '2021-12-02 07:39:25', '2'),
(1565, 11, 10, 'Surveillance', '2021-12-23', '2021-12-02 07:39:25', '2'),
(1566, 11, 13, 'Prolanis', '2021-12-24', '2021-12-02 07:39:25', '2'),
(1567, 11, 8, 'Aster', '2021-12-25', '2021-12-02 07:39:25', '2'),
(1568, 11, 11, 'SCR', '2021-12-26', '2021-12-02 07:39:25', '-1'),
(1569, 11, 2, 'PCare RPU', '2021-12-27', '2021-12-02 07:39:25', '2'),
(1570, 11, 3, 'R.Inf', '2021-12-28', '2021-12-02 07:39:25', '2'),
(1571, 11, 14, 'LP', '2021-12-29', '2021-12-02 07:39:25', '2'),
(1572, 11, 8, 'Aster', '2021-12-30', '2021-12-02 07:39:25', '2'),
(1573, 11, 2, 'PCare RPU', '2021-12-31', '2021-12-02 07:39:25', '2'),
(1574, 12, 10, 'Surveillance', '2021-12-01', '2021-12-02 07:39:25', '3'),
(1575, 12, 10, 'Surveillance', '2021-12-02', '2021-12-02 07:39:25', '3'),
(1576, 12, 10, 'Surveillance', '2021-12-03', '2021-12-02 07:39:25', '3'),
(1577, 12, 10, 'Surveillance', '2021-12-04', '2021-12-02 07:39:25', '3'),
(1578, 12, 14, 'LP', '2021-12-05', '2021-12-02 07:39:25', '-1'),
(1579, 12, 10, 'Surveillance', '2021-12-06', '2021-12-02 07:39:25', '3'),
(1580, 12, 10, 'Surveillance', '2021-12-07', '2021-12-02 07:39:25', '3'),
(1581, 12, 10, 'Surveillance', '2021-12-08', '2021-12-02 07:39:25', '3'),
(1582, 12, 10, 'Surveillance', '2021-12-09', '2021-12-02 07:39:25', '3'),
(1583, 12, 10, 'Surveillance', '2021-12-10', '2021-12-02 07:39:25', '3'),
(1584, 12, 10, 'Surveillance', '2021-12-11', '2021-12-02 07:39:25', '3'),
(1585, 12, 2, 'PCare RPU', '2021-12-12', '2021-12-02 07:39:25', '-1'),
(1586, 12, 10, 'Surveillance', '2021-12-13', '2021-12-02 07:39:25', '3'),
(1587, 12, 10, 'Surveillance', '2021-12-14', '2021-12-02 07:39:25', '3'),
(1588, 12, 10, 'Surveillance', '2021-12-15', '2021-12-02 07:39:25', '3'),
(1589, 12, 10, 'Surveillance', '2021-12-16', '2021-12-02 07:39:25', '3'),
(1590, 12, 10, 'Surveillance', '2021-12-17', '2021-12-02 07:39:25', '3'),
(1591, 12, 10, 'Surveillance', '2021-12-18', '2021-12-02 07:39:25', '3'),
(1592, 12, 15, 'PKD', '2021-12-19', '2021-12-02 07:39:25', '-1'),
(1593, 12, 10, 'Surveillance', '2021-12-20', '2021-12-02 07:39:25', '3'),
(1594, 12, 10, 'Surveillance', '2021-12-21', '2021-12-02 07:39:25', '3'),
(1595, 12, 10, 'Surveillance', '2021-12-22', '2021-12-02 07:39:25', '3'),
(1596, 12, 10, 'Surveillance', '2021-12-23', '2021-12-02 07:39:25', '3'),
(1597, 12, 10, 'Surveillance', '2021-12-24', '2021-12-02 07:39:25', '3'),
(1598, 12, 10, 'Surveillance', '2021-12-25', '2021-12-02 07:39:25', '3'),
(1599, 12, 15, 'PKD', '2021-12-26', '2021-12-02 07:39:25', '-1'),
(1600, 12, 10, 'Surveillance', '2021-12-27', '2021-12-02 07:39:25', '3'),
(1601, 12, 10, 'Surveillance', '2021-12-28', '2021-12-02 07:39:25', '3'),
(1602, 12, 10, 'Surveillance', '2021-12-29', '2021-12-02 07:39:25', '3'),
(1603, 12, 10, 'Surveillance', '2021-12-30', '2021-12-02 07:39:25', '3'),
(1604, 12, 10, 'Surveillance', '2021-12-31', '2021-12-02 07:39:25', '3'),
(1605, 13, 5, 'PB', '2021-12-01', '2021-12-02 07:39:25', '1'),
(1606, 13, 9, 'Mtbs/RT', '2021-12-02', '2021-12-02 07:39:25', '1'),
(1607, 13, 11, 'SCR', '2021-12-03', '2021-12-02 07:39:25', '1'),
(1608, 13, 14, 'LP', '2021-12-04', '2021-12-02 07:39:25', '1'),
(1609, 13, 7, 'BDH', '2021-12-05', '2021-12-02 07:39:25', '-1'),
(1610, 13, 15, 'PKD', '2021-12-06', '2021-12-02 07:39:25', '1'),
(1611, 13, 13, 'Prolanis', '2021-12-07', '2021-12-02 07:39:25', '1'),
(1612, 13, 10, 'Surveillance', '2021-12-08', '2021-12-02 07:39:25', '1'),
(1613, 13, 1, 'RPU', '2021-12-09', '2021-12-02 07:39:25', '1'),
(1614, 13, 12, 'KKR', '2021-12-10', '2021-12-02 07:39:25', '1'),
(1615, 13, 2, 'PCare RPU', '2021-12-11', '2021-12-02 07:39:25', '1'),
(1616, 13, 6, 'KR', '2021-12-12', '2021-12-02 07:39:25', '-1'),
(1617, 13, 2, 'PCare RPU', '2021-12-13', '2021-12-02 07:39:25', '1'),
(1618, 13, 14, 'LP', '2021-12-14', '2021-12-02 07:39:25', '1');
INSERT INTO `penjadwalan_memetika` (`id_penjadwalan_memetika`, `id_pegawai`, `id_piket`, `kode_piket`, `tanggal_penjadwalan`, `tanggal_pembuatan_jadwal`, `nilai_fitness`) VALUES
(1619, 13, 3, 'R.Inf', '2021-12-15', '2021-12-02 07:39:25', '1'),
(1620, 13, 5, 'PB', '2021-12-16', '2021-12-02 07:39:25', '1'),
(1621, 13, 10, 'Surveillance', '2021-12-17', '2021-12-02 07:39:25', '1'),
(1622, 13, 11, 'SCR', '2021-12-18', '2021-12-02 07:39:25', '1'),
(1623, 13, 4, 'IVA/PTM', '2021-12-19', '2021-12-02 07:39:25', '-1'),
(1624, 13, 6, 'KR', '2021-12-20', '2021-12-02 07:39:25', '1'),
(1625, 13, 11, 'SCR', '2021-12-21', '2021-12-02 07:39:25', '1'),
(1626, 13, 7, 'BDH', '2021-12-22', '2021-12-02 07:39:25', '1'),
(1627, 13, 7, 'BDH', '2021-12-23', '2021-12-02 07:39:25', '1'),
(1628, 13, 13, 'Prolanis', '2021-12-24', '2021-12-02 07:39:25', '3'),
(1629, 13, 8, 'Aster', '2021-12-25', '2021-12-02 07:39:25', '1'),
(1630, 13, 12, 'KKR', '2021-12-26', '2021-12-02 07:39:25', '-1'),
(1631, 13, 13, 'Prolanis', '2021-12-27', '2021-12-02 07:39:25', '1'),
(1632, 13, 3, 'R.Inf', '2021-12-28', '2021-12-02 07:39:25', '1'),
(1633, 13, 6, 'KR', '2021-12-29', '2021-12-02 07:39:25', '1'),
(1634, 13, 10, 'Surveillance', '2021-12-30', '2021-12-02 07:39:25', '1'),
(1635, 13, 15, 'PKD', '2021-12-31', '2021-12-02 07:39:25', '1'),
(1636, 1, 3, 'R.Inf', '2022-01-01', '2022-01-03 01:04:48', '3'),
(1637, 1, 15, '', '0000-00-00', '2022-01-03 01:04:48', ''),
(1638, 1, 14, 'LP', '2022-01-03', '2022-01-03 01:04:48', '2'),
(1639, 1, 3, 'R.Inf', '2022-01-04', '2022-01-03 01:04:48', '3'),
(1640, 1, 1, 'RPU', '2022-01-05', '2022-01-03 01:04:48', '3'),
(1641, 1, 7, 'BDH', '2022-01-06', '2022-01-03 01:04:48', '2'),
(1642, 1, 15, '', '0000-00-00', '2022-01-03 01:04:48', ''),
(1643, 1, 10, 'Surveillance', '2022-01-08', '2022-01-03 01:04:48', '2'),
(1644, 1, 15, '', '0000-00-00', '2022-01-03 01:04:48', ''),
(1645, 1, 15, 'PKD', '2022-01-10', '2022-01-03 01:04:48', '2'),
(1646, 1, 5, 'PB', '2022-01-11', '2022-01-03 01:04:48', '2'),
(1647, 1, 11, 'SCR', '2022-01-12', '2022-01-03 01:04:48', '2'),
(1648, 1, 5, 'PB', '2022-01-13', '2022-01-03 01:04:48', '2'),
(1649, 1, 14, 'LP', '2022-01-14', '2022-01-03 01:04:48', '2'),
(1650, 1, 3, 'R.Inf', '2022-01-15', '2022-01-03 01:04:48', '3'),
(1651, 1, 15, '', '0000-00-00', '2022-01-03 01:04:48', ''),
(1652, 1, 1, 'RPU', '2022-01-17', '2022-01-03 01:04:48', '3'),
(1653, 1, 12, 'KKR', '2022-01-18', '2022-01-03 01:04:48', '2'),
(1654, 1, 15, 'PKD', '2022-01-19', '2022-01-03 01:04:48', '2'),
(1655, 1, 10, 'Surveillance', '2022-01-20', '2022-01-03 01:04:48', '2'),
(1656, 1, 7, 'BDH', '2022-01-21', '2022-01-03 01:04:48', '2'),
(1657, 1, 3, 'R.Inf', '2022-01-22', '2022-01-03 01:04:48', '3'),
(1658, 1, 15, '', '0000-00-00', '2022-01-03 01:04:48', ''),
(1659, 1, 12, 'KKR', '2022-01-24', '2022-01-03 01:04:48', '2'),
(1660, 1, 3, 'R.Inf', '2022-01-25', '2022-01-03 01:04:48', '3'),
(1661, 1, 12, 'KKR', '2022-01-26', '2022-01-03 01:04:48', '2'),
(1662, 1, 15, 'PKD', '2022-01-27', '2022-01-03 01:04:48', '2'),
(1663, 1, 8, 'Aster', '2022-01-28', '2022-01-03 01:04:48', '2'),
(1664, 1, 10, 'Surveillance', '2022-01-29', '2022-01-03 01:04:48', '2'),
(1665, 1, 15, '', '0000-00-00', '2022-01-03 01:04:48', ''),
(1666, 1, 10, 'Surveillance', '2022-01-31', '2022-01-03 01:04:48', '2'),
(1667, 2, 3, 'R.Inf', '2022-01-01', '2022-01-03 01:04:48', '1'),
(1668, 2, 15, '', '0000-00-00', '2022-01-03 01:04:48', ''),
(1669, 2, 14, 'LP', '2022-01-03', '2022-01-03 01:04:48', '2'),
(1670, 2, 1, 'RPU', '2022-01-04', '2022-01-03 01:04:48', '3'),
(1671, 2, 12, 'KKR', '2022-01-05', '2022-01-03 01:04:48', '2'),
(1672, 2, 15, 'PKD', '2022-01-06', '2022-01-03 01:04:48', '2'),
(1673, 2, 15, '', '0000-00-00', '2022-01-03 01:04:48', ''),
(1674, 2, 10, 'Surveillance', '2022-01-08', '2022-01-03 01:04:48', '2'),
(1675, 2, 15, '', '0000-00-00', '2022-01-03 01:04:48', ''),
(1676, 2, 15, '', '0000-00-00', '2022-01-03 01:04:48', ''),
(1677, 2, 12, 'KKR', '2022-01-11', '2022-01-03 01:04:48', '2'),
(1678, 2, 2, 'PCare RPU', '2022-01-12', '2022-01-03 01:04:48', '2'),
(1679, 2, 6, 'KR', '2022-01-13', '2022-01-03 01:04:48', '2'),
(1680, 2, 15, 'PKD', '2022-01-14', '2022-01-03 01:04:48', '2'),
(1681, 2, 4, 'IVA/PTM', '2022-01-15', '2022-01-03 01:04:48', '2'),
(1682, 2, 15, '', '0000-00-00', '2022-01-03 01:04:48', ''),
(1683, 2, 3, 'R.Inf', '2022-01-17', '2022-01-03 01:04:48', '3'),
(1684, 2, 12, 'KKR', '2022-01-18', '2022-01-03 01:04:48', '2'),
(1685, 2, 3, 'R.Inf', '2022-01-19', '2022-01-03 01:04:48', '3'),
(1686, 2, 13, 'Prolanis', '2022-01-20', '2022-01-03 01:04:48', '2'),
(1687, 2, 15, '', '0000-00-00', '2022-01-03 01:04:48', ''),
(1688, 2, 15, '', '0000-00-00', '2022-01-03 01:04:48', ''),
(1689, 2, 15, '', '0000-00-00', '2022-01-03 01:04:48', ''),
(1690, 2, 8, 'Aster', '2022-01-24', '2022-01-03 01:04:48', '2'),
(1691, 2, 3, 'R.Inf', '2022-01-25', '2022-01-03 01:04:48', '1'),
(1692, 2, 2, 'PCare RPU', '2022-01-26', '2022-01-03 01:04:48', '2'),
(1693, 2, 7, 'BDH', '2022-01-27', '2022-01-03 01:04:48', '2'),
(1694, 2, 13, 'Prolanis', '2022-01-28', '2022-01-03 01:04:48', '2'),
(1695, 2, 15, '', '0000-00-00', '2022-01-03 01:04:48', ''),
(1696, 2, 15, '', '0000-00-00', '2022-01-03 01:04:48', ''),
(1697, 2, 9, 'Mtbs/RT', '2022-01-31', '2022-01-03 01:04:48', '2'),
(1698, 3, 11, 'SCR', '2022-01-01', '2022-01-03 01:04:48', '2'),
(1699, 3, 15, '', '0000-00-00', '2022-01-03 01:04:48', ''),
(1700, 3, 7, 'BDH', '2022-01-03', '2022-01-03 01:04:48', '2'),
(1701, 3, 3, 'R.Inf', '2022-01-04', '2022-01-03 01:04:48', '2'),
(1702, 3, 1, 'RPU', '2022-01-05', '2022-01-03 01:04:48', '2'),
(1703, 3, 4, 'IVA/PTM', '2022-01-06', '2022-01-03 01:04:48', '2'),
(1704, 3, 2, 'PCare RPU', '2022-01-07', '2022-01-03 01:04:48', '2'),
(1705, 3, 15, '', '0000-00-00', '2022-01-03 01:04:48', ''),
(1706, 3, 15, '', '0000-00-00', '2022-01-03 01:04:48', ''),
(1707, 3, 11, 'SCR', '2022-01-10', '2022-01-03 01:04:48', '2'),
(1708, 3, 15, '', '0000-00-00', '2022-01-03 01:04:48', ''),
(1709, 3, 12, 'KKR', '2022-01-12', '2022-01-03 01:04:48', '2'),
(1710, 3, 12, 'KKR', '2022-01-13', '2022-01-03 01:04:48', '2'),
(1711, 3, 12, 'KKR', '2022-01-14', '2022-01-03 01:04:48', '2'),
(1712, 3, 10, 'Surveillance', '2022-01-15', '2022-01-03 01:04:48', '2'),
(1713, 3, 15, '', '0000-00-00', '2022-01-03 01:04:48', ''),
(1714, 3, 12, 'KKR', '2022-01-17', '2022-01-03 01:04:48', '2'),
(1715, 3, 3, 'R.Inf', '2022-01-18', '2022-01-03 01:04:48', '2'),
(1716, 3, 13, 'Prolanis', '2022-01-19', '2022-01-03 01:04:48', '2'),
(1717, 3, 14, 'LP', '2022-01-20', '2022-01-03 01:04:48', '2'),
(1718, 3, 7, 'BDH', '2022-01-21', '2022-01-03 01:04:48', '2'),
(1719, 3, 15, 'PKD', '2022-01-22', '2022-01-03 01:04:48', '2'),
(1720, 3, 15, '', '0000-00-00', '2022-01-03 01:04:48', ''),
(1721, 3, 13, 'Prolanis', '2022-01-24', '2022-01-03 01:04:48', '2'),
(1722, 3, 1, 'RPU', '2022-01-25', '2022-01-03 01:04:48', '2'),
(1723, 3, 6, 'KR', '2022-01-26', '2022-01-03 01:04:48', '2'),
(1724, 3, 4, 'IVA/PTM', '2022-01-27', '2022-01-03 01:04:48', '2'),
(1725, 3, 9, 'Mtbs/RT', '2022-01-28', '2022-01-03 01:04:48', '2'),
(1726, 3, 12, 'KKR', '2022-01-29', '2022-01-03 01:04:48', '2'),
(1727, 3, 15, '', '0000-00-00', '2022-01-03 01:04:48', ''),
(1728, 3, 10, 'Surveillance', '2022-01-31', '2022-01-03 01:04:48', '2'),
(1729, 4, 10, 'Surveillance', '2022-01-01', '2022-01-03 01:04:48', '2'),
(1730, 4, 15, '', '0000-00-00', '2022-01-03 01:04:48', ''),
(1731, 4, 11, 'SCR', '2022-01-03', '2022-01-03 01:04:48', '2'),
(1732, 4, 4, 'IVA/PTM', '2022-01-04', '2022-01-03 01:04:48', '2'),
(1733, 4, 13, 'Prolanis', '2022-01-05', '2022-01-03 01:04:48', '2'),
(1734, 4, 8, 'Aster', '2022-01-06', '2022-01-03 01:04:48', '2'),
(1735, 4, 14, 'LP', '2022-01-07', '2022-01-03 01:04:48', '2'),
(1736, 4, 6, 'KR', '2022-01-08', '2022-01-03 01:04:48', '2'),
(1737, 4, 15, '', '0000-00-00', '2022-01-03 01:04:48', ''),
(1738, 4, 15, '', '0000-00-00', '2022-01-03 01:04:48', ''),
(1739, 4, 13, 'Prolanis', '2022-01-11', '2022-01-03 01:04:48', '2'),
(1740, 4, 3, 'R.Inf', '2022-01-12', '2022-01-03 01:04:48', '2'),
(1741, 4, 2, 'PCare RPU', '2022-01-13', '2022-01-03 01:04:48', '2'),
(1742, 4, 3, 'R.Inf', '2022-01-14', '2022-01-03 01:04:48', '2'),
(1743, 4, 15, '', '0000-00-00', '2022-01-03 01:04:48', ''),
(1744, 4, 15, '', '0000-00-00', '2022-01-03 01:04:48', ''),
(1745, 4, 14, 'LP', '2022-01-17', '2022-01-03 01:04:48', '2'),
(1746, 4, 3, 'R.Inf', '2022-01-18', '2022-01-03 01:04:48', '2'),
(1747, 4, 12, 'KKR', '2022-01-19', '2022-01-03 01:04:48', '2'),
(1748, 4, 4, 'IVA/PTM', '2022-01-20', '2022-01-03 01:04:48', '2'),
(1749, 4, 7, 'BDH', '2022-01-21', '2022-01-03 01:04:48', '2'),
(1750, 4, 12, 'KKR', '2022-01-22', '2022-01-03 01:04:48', '2'),
(1751, 4, 15, '', '0000-00-00', '2022-01-03 01:04:48', ''),
(1752, 4, 2, 'PCare RPU', '2022-01-24', '2022-01-03 01:04:48', '2'),
(1753, 4, 15, '', '0000-00-00', '2022-01-03 01:04:48', ''),
(1754, 4, 11, 'SCR', '2022-01-26', '2022-01-03 01:04:48', '2'),
(1755, 4, 13, 'Prolanis', '2022-01-27', '2022-01-03 01:04:48', '2'),
(1756, 4, 6, 'KR', '2022-01-28', '2022-01-03 01:04:48', '2'),
(1757, 4, 8, 'Aster', '2022-01-29', '2022-01-03 01:04:48', '2'),
(1758, 4, 15, '', '0000-00-00', '2022-01-03 01:04:48', ''),
(1759, 4, 10, 'Surveillance', '2022-01-31', '2022-01-03 01:04:48', '2'),
(1760, 5, 9, 'Mtbs/RT', '2022-01-01', '2022-01-03 01:04:48', '2'),
(1761, 5, 15, '', '0000-00-00', '2022-01-03 01:04:48', ''),
(1762, 5, 15, '', '0000-00-00', '2022-01-03 01:04:48', ''),
(1763, 5, 12, 'KKR', '2022-01-04', '2022-01-03 01:04:48', '2'),
(1764, 5, 3, 'R.Inf', '2022-01-05', '2022-01-03 01:04:48', '2'),
(1765, 5, 7, 'BDH', '2022-01-06', '2022-01-03 01:04:48', '2'),
(1766, 5, 4, 'IVA/PTM', '2022-01-07', '2022-01-03 01:04:48', '2'),
(1767, 5, 15, 'PKD', '2022-01-08', '2022-01-03 01:04:48', '2'),
(1768, 5, 15, '', '0000-00-00', '2022-01-03 01:04:48', ''),
(1769, 5, 5, 'PB', '2022-01-10', '2022-01-03 01:04:48', '3'),
(1770, 5, 10, 'Surveillance', '2022-01-11', '2022-01-03 01:04:48', '2'),
(1771, 5, 12, 'KKR', '2022-01-12', '2022-01-03 01:04:48', '2'),
(1772, 5, 4, 'IVA/PTM', '2022-01-13', '2022-01-03 01:04:48', '2'),
(1773, 5, 10, 'Surveillance', '2022-01-14', '2022-01-03 01:04:48', '2'),
(1774, 5, 6, 'KR', '2022-01-15', '2022-01-03 01:04:48', '2'),
(1775, 5, 15, '', '0000-00-00', '2022-01-03 01:04:48', ''),
(1776, 5, 3, 'R.Inf', '2022-01-17', '2022-01-03 01:04:48', '2'),
(1777, 5, 15, '', '0000-00-00', '2022-01-03 01:04:48', ''),
(1778, 5, 3, 'R.Inf', '2022-01-19', '2022-01-03 01:04:48', '2'),
(1779, 5, 15, 'PKD', '2022-01-20', '2022-01-03 01:04:48', '2'),
(1780, 5, 12, 'KKR', '2022-01-21', '2022-01-03 01:04:48', '2'),
(1781, 5, 3, 'R.Inf', '2022-01-22', '2022-01-03 01:04:48', '2'),
(1782, 5, 15, '', '0000-00-00', '2022-01-03 01:04:48', ''),
(1783, 5, 9, 'Mtbs/RT', '2022-01-24', '2022-01-03 01:04:48', '2'),
(1784, 5, 13, 'Prolanis', '2022-01-25', '2022-01-03 01:04:48', '2'),
(1785, 5, 7, 'BDH', '2022-01-26', '2022-01-03 01:04:48', '2'),
(1786, 5, 2, 'PCare RPU', '2022-01-27', '2022-01-03 01:04:48', '2'),
(1787, 5, 10, 'Surveillance', '2022-01-28', '2022-01-03 01:04:48', '2'),
(1788, 5, 15, '', '0000-00-00', '2022-01-03 01:04:48', ''),
(1789, 5, 15, '', '0000-00-00', '2022-01-03 01:04:48', ''),
(1790, 5, 2, 'PCare RPU', '2022-01-31', '2022-01-03 01:04:48', '2'),
(1791, 6, 1, 'RPU', '2022-01-01', '2022-01-03 01:04:48', '2'),
(1792, 6, 15, '', '0000-00-00', '2022-01-03 01:04:48', ''),
(1793, 6, 3, 'R.Inf', '2022-01-03', '2022-01-03 01:04:48', '3'),
(1794, 6, 13, 'Prolanis', '2022-01-04', '2022-01-03 01:04:48', '2'),
(1795, 6, 15, 'PKD', '2022-01-05', '2022-01-03 01:04:48', '2'),
(1796, 6, 8, 'Aster', '2022-01-06', '2022-01-03 01:04:48', '2'),
(1797, 6, 4, 'IVA/PTM', '2022-01-07', '2022-01-03 01:04:48', '2'),
(1798, 6, 5, 'PB', '2022-01-08', '2022-01-03 01:04:48', '2'),
(1799, 6, 15, '', '0000-00-00', '2022-01-03 01:04:48', ''),
(1800, 6, 5, 'PB', '2022-01-10', '2022-01-03 01:04:48', '2'),
(1801, 6, 1, 'RPU', '2022-01-11', '2022-01-03 01:04:48', '2'),
(1802, 6, 12, 'KKR', '2022-01-12', '2022-01-03 01:04:48', '2'),
(1803, 6, 15, 'PKD', '2022-01-13', '2022-01-03 01:04:48', '2'),
(1804, 6, 7, 'BDH', '2022-01-14', '2022-01-03 01:04:48', '2'),
(1805, 6, 2, 'PCare RPU', '2022-01-15', '2022-01-03 01:04:48', '2'),
(1806, 6, 15, '', '0000-00-00', '2022-01-03 01:04:48', ''),
(1807, 6, 3, 'R.Inf', '2022-01-17', '2022-01-03 01:04:48', '3'),
(1808, 6, 7, 'BDH', '2022-01-18', '2022-01-03 01:04:48', '2'),
(1809, 6, 4, 'IVA/PTM', '2022-01-19', '2022-01-03 01:04:48', '2'),
(1810, 6, 14, 'LP', '2022-01-20', '2022-01-03 01:04:48', '2'),
(1811, 6, 4, 'IVA/PTM', '2022-01-21', '2022-01-03 01:04:48', '2'),
(1812, 6, 6, 'KR', '2022-01-22', '2022-01-03 01:04:48', '2'),
(1813, 6, 15, '', '0000-00-00', '2022-01-03 01:04:48', ''),
(1814, 6, 9, 'Mtbs/RT', '2022-01-24', '2022-01-03 01:04:48', '2'),
(1815, 6, 2, 'PCare RPU', '2022-01-25', '2022-01-03 01:04:48', '2'),
(1816, 6, 11, 'SCR', '2022-01-26', '2022-01-03 01:04:48', '2'),
(1817, 6, 10, 'Surveillance', '2022-01-27', '2022-01-03 01:04:48', '2'),
(1818, 6, 11, 'SCR', '2022-01-28', '2022-01-03 01:04:48', '2'),
(1819, 6, 11, 'SCR', '2022-01-29', '2022-01-03 01:04:48', '2'),
(1820, 6, 15, '', '0000-00-00', '2022-01-03 01:04:48', ''),
(1821, 6, 10, 'Surveillance', '2022-01-31', '2022-01-03 01:04:48', '2'),
(1822, 7, 9, 'Mtbs/RT', '2022-01-01', '2022-01-03 01:04:48', '2'),
(1823, 7, 15, '', '0000-00-00', '2022-01-03 01:04:48', ''),
(1824, 7, 10, 'Surveillance', '2022-01-03', '2022-01-03 01:04:48', '2'),
(1825, 7, 5, 'PB', '2022-01-04', '2022-01-03 01:04:48', '2'),
(1826, 7, 15, 'PKD', '2022-01-05', '2022-01-03 01:04:48', '2'),
(1827, 7, 15, 'PKD', '2022-01-06', '2022-01-03 01:04:48', '2'),
(1828, 7, 10, 'Surveillance', '2022-01-07', '2022-01-03 01:04:48', '2'),
(1829, 7, 15, '', '0000-00-00', '2022-01-03 01:04:48', ''),
(1830, 7, 15, '', '0000-00-00', '2022-01-03 01:04:48', ''),
(1831, 7, 9, 'Mtbs/RT', '2022-01-10', '2022-01-03 01:04:48', '2'),
(1832, 7, 1, 'RPU', '2022-01-11', '2022-01-03 01:04:48', '2'),
(1833, 7, 10, 'Surveillance', '2022-01-12', '2022-01-03 01:04:48', '2'),
(1834, 7, 4, 'IVA/PTM', '2022-01-13', '2022-01-03 01:04:48', '2'),
(1835, 7, 1, 'RPU', '2022-01-14', '2022-01-03 01:04:48', '2'),
(1836, 7, 15, 'PKD', '2022-01-15', '2022-01-03 01:04:48', '2'),
(1837, 7, 15, '', '0000-00-00', '2022-01-03 01:04:48', ''),
(1838, 7, 6, 'KR', '2022-01-17', '2022-01-03 01:04:48', '2'),
(1839, 7, 14, 'LP', '2022-01-18', '2022-01-03 01:04:48', '2'),
(1840, 7, 2, 'PCare RPU', '2022-01-19', '2022-01-03 01:04:48', '2'),
(1841, 7, 6, 'KR', '2022-01-20', '2022-01-03 01:04:48', '2'),
(1842, 7, 4, 'IVA/PTM', '2022-01-21', '2022-01-03 01:04:48', '2'),
(1843, 7, 4, 'IVA/PTM', '2022-01-22', '2022-01-03 01:04:48', '2'),
(1844, 7, 15, '', '0000-00-00', '2022-01-03 01:04:48', ''),
(1845, 7, 15, 'PKD', '2022-01-24', '2022-01-03 01:04:48', '2'),
(1846, 7, 2, 'PCare RPU', '2022-01-25', '2022-01-03 01:04:48', '2'),
(1847, 7, 12, 'KKR', '2022-01-26', '2022-01-03 01:04:48', '2'),
(1848, 7, 3, 'R.Inf', '2022-01-27', '2022-01-03 01:04:48', '2'),
(1849, 7, 3, 'R.Inf', '2022-01-28', '2022-01-03 01:04:48', '2'),
(1850, 7, 11, 'SCR', '2022-01-29', '2022-01-03 01:04:48', '2'),
(1851, 7, 15, '', '0000-00-00', '2022-01-03 01:04:48', ''),
(1852, 7, 8, 'Aster', '2022-01-31', '2022-01-03 01:04:48', '2'),
(1853, 8, 7, 'BDH', '2022-01-01', '2022-01-03 01:04:48', '1'),
(1854, 8, 15, '', '0000-00-00', '2022-01-03 01:04:48', ''),
(1855, 8, 1, 'RPU', '2022-01-03', '2022-01-03 01:04:48', '1'),
(1856, 8, 9, 'Mtbs/RT', '2022-01-04', '2022-01-03 01:04:48', '1'),
(1857, 8, 15, '', '0000-00-00', '2022-01-03 01:04:48', ''),
(1858, 8, 15, '', '0000-00-00', '2022-01-03 01:04:48', ''),
(1859, 8, 15, 'PKD', '2022-01-07', '2022-01-03 01:04:48', '3'),
(1860, 8, 13, 'Prolanis', '2022-01-08', '2022-01-03 01:04:48', '1'),
(1861, 8, 15, '', '0000-00-00', '2022-01-03 01:04:48', ''),
(1862, 8, 12, 'KKR', '2022-01-10', '2022-01-03 01:04:48', '1'),
(1863, 8, 7, 'BDH', '2022-01-11', '2022-01-03 01:04:48', '1'),
(1864, 8, 14, 'LP', '2022-01-12', '2022-01-03 01:04:48', '1'),
(1865, 8, 12, 'KKR', '2022-01-13', '2022-01-03 01:04:48', '1'),
(1866, 8, 15, '', '0000-00-00', '2022-01-03 01:04:48', ''),
(1867, 8, 14, 'LP', '2022-01-15', '2022-01-03 01:04:48', '1'),
(1868, 8, 15, '', '0000-00-00', '2022-01-03 01:04:48', ''),
(1869, 8, 14, 'LP', '2022-01-17', '2022-01-03 01:04:48', '1'),
(1870, 8, 12, 'KKR', '2022-01-18', '2022-01-03 01:04:48', '1'),
(1871, 8, 5, 'PB', '2022-01-19', '2022-01-03 01:04:48', '1'),
(1872, 8, 10, 'Surveillance', '2022-01-20', '2022-01-03 01:04:48', '1'),
(1873, 8, 15, 'PKD', '2022-01-21', '2022-01-03 01:04:48', '3'),
(1874, 8, 2, 'PCare RPU', '2022-01-22', '2022-01-03 01:04:48', '1'),
(1875, 8, 15, '', '0000-00-00', '2022-01-03 01:04:48', ''),
(1876, 8, 15, '', '0000-00-00', '2022-01-03 01:04:48', ''),
(1877, 8, 9, 'Mtbs/RT', '2022-01-25', '2022-01-03 01:04:48', '1'),
(1878, 8, 12, 'KKR', '2022-01-26', '2022-01-03 01:04:48', '1'),
(1879, 8, 7, 'BDH', '2022-01-27', '2022-01-03 01:04:48', '1'),
(1880, 8, 13, 'Prolanis', '2022-01-28', '2022-01-03 01:04:48', '1'),
(1881, 8, 4, 'IVA/PTM', '2022-01-29', '2022-01-03 01:04:48', '1'),
(1882, 8, 15, '', '0000-00-00', '2022-01-03 01:04:48', ''),
(1883, 8, 15, '', '0000-00-00', '2022-01-03 01:04:48', ''),
(1884, 9, 3, 'R.Inf', '2022-01-01', '2022-01-03 01:04:48', '2'),
(1885, 9, 15, '', '0000-00-00', '2022-01-03 01:04:48', ''),
(1886, 9, 14, 'LP', '2022-01-03', '2022-01-03 01:04:48', '2'),
(1887, 9, 15, '', '0000-00-00', '2022-01-03 01:04:48', ''),
(1888, 9, 7, 'BDH', '2022-01-05', '2022-01-03 01:04:48', '2'),
(1889, 9, 2, 'PCare RPU', '2022-01-06', '2022-01-03 01:04:48', '2'),
(1890, 9, 14, 'LP', '2022-01-07', '2022-01-03 01:04:48', '2'),
(1891, 9, 2, 'PCare RPU', '2022-01-08', '2022-01-03 01:04:48', '2'),
(1892, 9, 15, '', '0000-00-00', '2022-01-03 01:04:48', ''),
(1893, 9, 7, 'BDH', '2022-01-10', '2022-01-03 01:04:48', '2'),
(1894, 9, 13, 'Prolanis', '2022-01-11', '2022-01-03 01:04:48', '2'),
(1895, 9, 8, 'Aster', '2022-01-12', '2022-01-03 01:04:48', '2'),
(1896, 9, 12, 'KKR', '2022-01-13', '2022-01-03 01:04:48', '2'),
(1897, 9, 15, '', '0000-00-00', '2022-01-03 01:04:48', ''),
(1898, 9, 1, 'RPU', '2022-01-15', '2022-01-03 01:04:48', '2'),
(1899, 9, 15, '', '0000-00-00', '2022-01-03 01:04:48', ''),
(1900, 9, 10, 'Surveillance', '2022-01-17', '2022-01-03 01:04:48', '2'),
(1901, 9, 14, 'LP', '2022-01-18', '2022-01-03 01:04:48', '2'),
(1902, 9, 13, 'Prolanis', '2022-01-19', '2022-01-03 01:04:48', '2'),
(1903, 9, 14, 'LP', '2022-01-20', '2022-01-03 01:04:48', '2'),
(1904, 9, 13, 'Prolanis', '2022-01-21', '2022-01-03 01:04:48', '2'),
(1905, 9, 1, 'RPU', '2022-01-22', '2022-01-03 01:04:48', '2'),
(1906, 9, 15, '', '0000-00-00', '2022-01-03 01:04:48', ''),
(1907, 9, 12, 'KKR', '2022-01-24', '2022-01-03 01:04:48', '2'),
(1908, 9, 11, 'SCR', '2022-01-25', '2022-01-03 01:04:48', '2'),
(1909, 9, 13, 'Prolanis', '2022-01-26', '2022-01-03 01:04:48', '2'),
(1910, 9, 2, 'PCare RPU', '2022-01-27', '2022-01-03 01:04:48', '2'),
(1911, 9, 1, 'RPU', '2022-01-28', '2022-01-03 01:04:48', '2'),
(1912, 9, 6, 'KR', '2022-01-29', '2022-01-03 01:04:48', '2'),
(1913, 9, 15, '', '0000-00-00', '2022-01-03 01:04:48', ''),
(1914, 9, 6, 'KR', '2022-01-31', '2022-01-03 01:04:48', '2'),
(1915, 10, 2, 'PCare RPU', '2022-01-01', '2022-01-03 01:04:48', '2'),
(1916, 10, 15, '', '0000-00-00', '2022-01-03 01:04:48', ''),
(1917, 10, 3, 'R.Inf', '2022-01-03', '2022-01-03 01:04:48', '2'),
(1918, 10, 8, 'Aster', '2022-01-04', '2022-01-03 01:04:48', '2'),
(1919, 10, 4, 'IVA/PTM', '2022-01-05', '2022-01-03 01:04:48', '2'),
(1920, 10, 12, 'KKR', '2022-01-06', '2022-01-03 01:04:48', '2'),
(1921, 10, 15, '', '0000-00-00', '2022-01-03 01:04:48', ''),
(1922, 10, 13, 'Prolanis', '2022-01-08', '2022-01-03 01:04:48', '2'),
(1923, 10, 15, '', '0000-00-00', '2022-01-03 01:04:48', ''),
(1924, 10, 12, 'KKR', '2022-01-10', '2022-01-03 01:04:48', '2'),
(1925, 10, 2, 'PCare RPU', '2022-01-11', '2022-01-03 01:04:48', '2'),
(1926, 10, 14, 'LP', '2022-01-12', '2022-01-03 01:04:48', '2'),
(1927, 10, 2, 'PCare RPU', '2022-01-13', '2022-01-03 01:04:48', '2'),
(1928, 10, 2, 'PCare RPU', '2022-01-14', '2022-01-03 01:04:48', '2'),
(1929, 10, 12, 'KKR', '2022-01-15', '2022-01-03 01:04:48', '2'),
(1930, 10, 15, '', '0000-00-00', '2022-01-03 01:04:48', ''),
(1931, 10, 1, 'RPU', '2022-01-17', '2022-01-03 01:04:48', '2'),
(1932, 10, 6, 'KR', '2022-01-18', '2022-01-03 01:04:48', '2'),
(1933, 10, 4, 'IVA/PTM', '2022-01-19', '2022-01-03 01:04:48', '2'),
(1934, 10, 12, 'KKR', '2022-01-20', '2022-01-03 01:04:48', '2'),
(1935, 10, 10, 'Surveillance', '2022-01-21', '2022-01-03 01:04:48', '2'),
(1936, 10, 6, 'KR', '2022-01-22', '2022-01-03 01:04:48', '2'),
(1937, 10, 15, '', '0000-00-00', '2022-01-03 01:04:48', ''),
(1938, 10, 2, 'PCare RPU', '2022-01-24', '2022-01-03 01:04:48', '2'),
(1939, 10, 2, 'PCare RPU', '2022-01-25', '2022-01-03 01:04:48', '2'),
(1940, 10, 11, 'SCR', '2022-01-26', '2022-01-03 01:04:48', '2'),
(1941, 10, 6, 'KR', '2022-01-27', '2022-01-03 01:04:48', '2'),
(1942, 10, 15, '', '0000-00-00', '2022-01-03 01:04:48', ''),
(1943, 10, 10, 'Surveillance', '2022-01-29', '2022-01-03 01:04:48', '2'),
(1944, 10, 15, '', '0000-00-00', '2022-01-03 01:04:48', ''),
(1945, 10, 9, 'Mtbs/RT', '2022-01-31', '2022-01-03 01:04:48', '2'),
(1946, 11, 15, 'PKD', '2022-01-01', '2022-01-03 01:04:48', '2'),
(1947, 11, 15, '', '0000-00-00', '2022-01-03 01:04:48', ''),
(1948, 11, 8, 'Aster', '2022-01-03', '2022-01-03 01:04:48', '2'),
(1949, 11, 1, 'RPU', '2022-01-04', '2022-01-03 01:04:48', '2'),
(1950, 11, 11, 'SCR', '2022-01-05', '2022-01-03 01:04:48', '2'),
(1951, 11, 3, 'R.Inf', '2022-01-06', '2022-01-03 01:04:48', '2'),
(1952, 11, 13, 'Prolanis', '2022-01-07', '2022-01-03 01:04:48', '2'),
(1953, 11, 14, 'LP', '2022-01-08', '2022-01-03 01:04:48', '2'),
(1954, 11, 15, '', '0000-00-00', '2022-01-03 01:04:48', ''),
(1955, 11, 1, 'RPU', '2022-01-10', '2022-01-03 01:04:48', '2'),
(1956, 11, 14, 'LP', '2022-01-11', '2022-01-03 01:04:48', '2'),
(1957, 11, 6, 'KR', '2022-01-12', '2022-01-03 01:04:48', '2'),
(1958, 11, 3, 'R.Inf', '2022-01-13', '2022-01-03 01:04:48', '2'),
(1959, 11, 1, 'RPU', '2022-01-14', '2022-01-03 01:04:48', '2'),
(1960, 11, 7, 'BDH', '2022-01-15', '2022-01-03 01:04:48', '2'),
(1961, 11, 15, '', '0000-00-00', '2022-01-03 01:04:48', ''),
(1962, 11, 5, 'PB', '2022-01-17', '2022-01-03 01:04:48', '2'),
(1963, 11, 6, 'KR', '2022-01-18', '2022-01-03 01:04:48', '2'),
(1964, 11, 15, 'PKD', '2022-01-19', '2022-01-03 01:04:48', '2'),
(1965, 11, 10, 'Surveillance', '2022-01-20', '2022-01-03 01:04:48', '2'),
(1966, 11, 8, 'Aster', '2022-01-21', '2022-01-03 01:04:48', '2'),
(1967, 11, 6, 'KR', '2022-01-22', '2022-01-03 01:04:48', '2'),
(1968, 11, 15, '', '0000-00-00', '2022-01-03 01:04:48', ''),
(1969, 11, 11, 'SCR', '2022-01-24', '2022-01-03 01:04:48', '2'),
(1970, 11, 12, 'KKR', '2022-01-25', '2022-01-03 01:04:48', '2'),
(1971, 11, 11, 'SCR', '2022-01-26', '2022-01-03 01:04:48', '2'),
(1972, 11, 11, 'SCR', '2022-01-27', '2022-01-03 01:04:48', '2'),
(1973, 11, 3, 'R.Inf', '2022-01-28', '2022-01-03 01:04:48', '2'),
(1974, 11, 4, 'IVA/PTM', '2022-01-29', '2022-01-03 01:04:48', '2'),
(1975, 11, 15, '', '0000-00-00', '2022-01-03 01:04:48', ''),
(1976, 11, 14, 'LP', '2022-01-31', '2022-01-03 01:04:48', '2'),
(1977, 12, 2, 'PCare RPU', '2022-01-01', '2022-01-03 01:04:48', '1'),
(1978, 12, 15, '', '0000-00-00', '2022-01-03 01:04:48', ''),
(1979, 12, 2, 'PCare RPU', '2022-01-03', '2022-01-03 01:04:48', '1'),
(1980, 12, 4, 'IVA/PTM', '2022-01-04', '2022-01-03 01:04:48', '1'),
(1981, 12, 10, 'Surveillance', '2022-01-05', '2022-01-03 01:04:48', '3'),
(1982, 12, 13, 'Prolanis', '2022-01-06', '2022-01-03 01:04:48', '1'),
(1983, 12, 7, 'BDH', '2022-01-07', '2022-01-03 01:04:48', '1'),
(1984, 12, 2, 'PCare RPU', '2022-01-08', '2022-01-03 01:04:48', '1'),
(1985, 12, 15, '', '0000-00-00', '2022-01-03 01:04:48', ''),
(1986, 12, 5, 'PB', '2022-01-10', '2022-01-03 01:04:48', '1'),
(1987, 12, 2, 'PCare RPU', '2022-01-11', '2022-01-03 01:04:48', '1'),
(1988, 12, 10, 'Surveillance', '2022-01-12', '2022-01-03 01:04:48', '3'),
(1989, 12, 1, 'RPU', '2022-01-13', '2022-01-03 01:04:48', '1'),
(1990, 12, 8, 'Aster', '2022-01-14', '2022-01-03 01:04:48', '1'),
(1991, 12, 15, '', '0000-00-00', '2022-01-03 01:04:48', ''),
(1992, 12, 15, '', '0000-00-00', '2022-01-03 01:04:48', ''),
(1993, 12, 3, 'R.Inf', '2022-01-17', '2022-01-03 01:04:48', '1'),
(1994, 12, 10, 'Surveillance', '2022-01-18', '2022-01-03 01:04:48', '3'),
(1995, 12, 15, '', '0000-00-00', '2022-01-03 01:04:48', ''),
(1996, 12, 6, 'KR', '2022-01-20', '2022-01-03 01:04:48', '1'),
(1997, 12, 15, '', '0000-00-00', '2022-01-03 01:04:48', ''),
(1998, 12, 10, 'Surveillance', '2022-01-22', '2022-01-03 01:04:48', '3'),
(1999, 12, 15, '', '0000-00-00', '2022-01-03 01:04:48', ''),
(2000, 12, 13, 'Prolanis', '2022-01-24', '2022-01-03 01:04:48', '1'),
(2001, 12, 6, 'KR', '2022-01-25', '2022-01-03 01:04:48', '1'),
(2002, 12, 15, 'PKD', '2022-01-26', '2022-01-03 01:04:48', '1'),
(2003, 12, 3, 'R.Inf', '2022-01-27', '2022-01-03 01:04:48', '1'),
(2004, 12, 4, 'IVA/PTM', '2022-01-28', '2022-01-03 01:04:48', '1'),
(2005, 12, 6, 'KR', '2022-01-29', '2022-01-03 01:04:48', '1'),
(2006, 12, 15, '', '0000-00-00', '2022-01-03 01:04:48', ''),
(2007, 12, 10, 'Surveillance', '2022-01-31', '2022-01-03 01:04:48', '3'),
(2008, 13, 15, 'PKD', '2022-01-01', '2022-01-03 01:04:48', '1'),
(2009, 13, 15, '', '0000-00-00', '2022-01-03 01:04:48', ''),
(2010, 13, 6, 'KR', '2022-01-03', '2022-01-03 01:04:48', '1'),
(2011, 13, 3, 'R.Inf', '2022-01-04', '2022-01-03 01:04:48', '1'),
(2012, 13, 10, 'Surveillance', '2022-01-05', '2022-01-03 01:04:48', '1'),
(2013, 13, 7, 'BDH', '2022-01-06', '2022-01-03 01:04:48', '1'),
(2014, 13, 8, 'Aster', '2022-01-07', '2022-01-03 01:04:48', '1'),
(2015, 13, 4, 'IVA/PTM', '2022-01-08', '2022-01-03 01:04:48', '1'),
(2016, 13, 15, '', '0000-00-00', '2022-01-03 01:04:48', ''),
(2017, 13, 9, 'Mtbs/RT', '2022-01-10', '2022-01-03 01:04:48', '1'),
(2018, 13, 2, 'PCare RPU', '2022-01-11', '2022-01-03 01:04:48', '1'),
(2019, 13, 11, 'SCR', '2022-01-12', '2022-01-03 01:04:48', '1'),
(2020, 13, 15, '', '0000-00-00', '2022-01-03 01:04:48', ''),
(2021, 13, 4, 'IVA/PTM', '2022-01-14', '2022-01-03 01:04:48', '1'),
(2022, 13, 14, 'LP', '2022-01-15', '2022-01-03 01:04:48', '1'),
(2023, 13, 15, '', '0000-00-00', '2022-01-03 01:04:48', ''),
(2024, 13, 9, 'Mtbs/RT', '2022-01-17', '2022-01-03 01:04:48', '1'),
(2025, 13, 1, 'RPU', '2022-01-18', '2022-01-03 01:04:48', '1'),
(2026, 13, 14, 'LP', '2022-01-19', '2022-01-03 01:04:48', '1'),
(2027, 13, 3, 'R.Inf', '2022-01-20', '2022-01-03 01:04:48', '1'),
(2028, 13, 2, 'PCare RPU', '2022-01-21', '2022-01-03 01:04:48', '1'),
(2029, 13, 13, 'Prolanis', '2022-01-22', '2022-01-03 01:04:48', '1'),
(2030, 13, 15, '', '0000-00-00', '2022-01-03 01:04:48', ''),
(2031, 13, 14, 'LP', '2022-01-24', '2022-01-03 01:04:48', '1'),
(2032, 13, 10, 'Surveillance', '2022-01-25', '2022-01-03 01:04:48', '1'),
(2033, 13, 1, 'RPU', '2022-01-26', '2022-01-03 01:04:48', '1'),
(2034, 13, 6, 'KR', '2022-01-27', '2022-01-03 01:04:48', '1'),
(2035, 13, 9, 'Mtbs/RT', '2022-01-28', '2022-01-03 01:04:48', '1'),
(2036, 13, 15, 'PKD', '2022-01-29', '2022-01-03 01:04:48', '1'),
(2037, 13, 15, '', '0000-00-00', '2022-01-03 01:04:48', ''),
(2038, 13, 15, 'PKD', '2022-01-31', '2022-01-03 01:04:48', '1');

-- --------------------------------------------------------

--
-- Table structure for table `penjadwalan_neuro_fuzzy`
--

CREATE TABLE `penjadwalan_neuro_fuzzy` (
  `id_penjadwalan_neuro_fuzzy` bigint(20) UNSIGNED NOT NULL,
  `id_pegawai` bigint(20) UNSIGNED NOT NULL,
  `id_piket` bigint(20) UNSIGNED NOT NULL,
  `kode_piket` varchar(255) COLLATE utf8mb4_unicode_ci NOT NULL,
  `tanggal_penjadwalan` date NOT NULL,
  `tanggal_pembuatan_jadwal` datetime NOT NULL,
  `nilai_fitness` varchar(255) COLLATE utf8mb4_unicode_ci NOT NULL
) ENGINE=InnoDB DEFAULT CHARSET=utf8mb4 COLLATE=utf8mb4_unicode_ci;

-- --------------------------------------------------------

--
-- Table structure for table `pikets`
--

CREATE TABLE `pikets` (
  `id_piket` bigint(20) UNSIGNED NOT NULL,
  `kode_piket` varchar(255) COLLATE utf8mb4_unicode_ci NOT NULL,
  `nama_piket` varchar(255) COLLATE utf8mb4_unicode_ci NOT NULL
) ENGINE=InnoDB DEFAULT CHARSET=utf8mb4 COLLATE=utf8mb4_unicode_ci;

--
-- Dumping data for table `pikets`
--

INSERT INTO `pikets` (`id_piket`, `kode_piket`, `nama_piket`) VALUES
(1, 'RPU', 'Ruang Pelayanan Umum'),
(2, 'PCare RPU', 'PCare RPU Ruang Infeksius'),
(3, 'R.Inf', 'Ruang Infeksius'),
(4, 'IVA/PTM', 'Screening IVA/PTM/USPRO'),
(5, 'PB', 'PosBindu'),
(6, 'KR', 'Kunjungan Rumah'),
(7, 'BDH', 'Bendahara'),
(8, 'Aster', 'Klinik Aster'),
(9, 'Mtbs/RT', 'Manajemen Tata Laksana Balita Sakit - Ruang Tindakan'),
(10, 'Surveillance', 'Surveillance'),
(11, 'SCR', 'Screening'),
(12, 'KKR', 'Kader Kesehatan Remaja'),
(13, 'Prolanis', 'Program Pengelolaan Penyakit Kronis'),
(14, 'LP', 'Rumah Tahanan'),
(15, 'PKD', 'PKD');

-- --------------------------------------------------------

--
-- Table structure for table `status_jadwal_piket`
--

CREATE TABLE `status_jadwal_piket` (
  `id` bigint(20) UNSIGNED NOT NULL,
  `created_at` timestamp NULL DEFAULT NULL,
  `updated_at` timestamp NULL DEFAULT NULL
) ENGINE=InnoDB DEFAULT CHARSET=utf8mb4 COLLATE=utf8mb4_unicode_ci;

-- --------------------------------------------------------

--
-- Table structure for table `users`
--

CREATE TABLE `users` (
  `id` bigint(20) UNSIGNED NOT NULL,
  `name` varchar(255) COLLATE utf8mb4_unicode_ci NOT NULL,
  `email` varchar(255) COLLATE utf8mb4_unicode_ci NOT NULL,
  `email_verified_at` timestamp NULL DEFAULT NULL,
  `password` varchar(255) COLLATE utf8mb4_unicode_ci NOT NULL,
  `remember_token` varchar(100) COLLATE utf8mb4_unicode_ci DEFAULT NULL,
  `created_at` timestamp NULL DEFAULT NULL,
  `updated_at` timestamp NULL DEFAULT NULL
) ENGINE=InnoDB DEFAULT CHARSET=utf8mb4 COLLATE=utf8mb4_unicode_ci;

--
-- Indexes for dumped tables
--

--
-- Indexes for table `failed_jobs`
--
ALTER TABLE `failed_jobs`
  ADD PRIMARY KEY (`id`),
  ADD UNIQUE KEY `failed_jobs_uuid_unique` (`uuid`);

--
-- Indexes for table `jabatans`
--
ALTER TABLE `jabatans`
  ADD PRIMARY KEY (`id_jabatan`);

--
-- Indexes for table `jenis_kelamins`
--
ALTER TABLE `jenis_kelamins`
  ADD PRIMARY KEY (`id_jenis_kelamin`);

--
-- Indexes for table `migrations`
--
ALTER TABLE `migrations`
  ADD PRIMARY KEY (`id`);

--
-- Indexes for table `password_resets`
--
ALTER TABLE `password_resets`
  ADD KEY `password_resets_email_index` (`email`);

--
-- Indexes for table `pegawais`
--
ALTER TABLE `pegawais`
  ADD PRIMARY KEY (`id_pegawai`),
  ADD KEY `pegawais_id_jenis_kelamin_foreign` (`id_jenis_kelamin`),
  ADD KEY `pegawais_id_jabatan_foreign` (`id_jabatan`);

--
-- Indexes for table `penjadwalans`
--
ALTER TABLE `penjadwalans`
  ADD PRIMARY KEY (`id_penjadwalans`),
  ADD KEY `penjadwalans_id_pegawai_foreign` (`id_pegawai`),
  ADD KEY `penjadwalans_id_piket_foreign` (`id_piket`);

--
-- Indexes for table `penjadwalan_genetikas`
--
ALTER TABLE `penjadwalan_genetikas`
  ADD PRIMARY KEY (`id_penjadwalan_genetikas`),
  ADD KEY `penjadwalan_genetikas_id_pegawai_foreign` (`id_pegawai`),
  ADD KEY `penjadwalan_genetikas_id_piket_foreign` (`id_piket`);

--
-- Indexes for table `penjadwalan_memetika`
--
ALTER TABLE `penjadwalan_memetika`
  ADD PRIMARY KEY (`id_penjadwalan_memetika`),
  ADD KEY `penjadwalan_memetika_id_pegawai_foreign` (`id_pegawai`),
  ADD KEY `penjadwalan_memetika_id_piket_foreign` (`id_piket`);

--
-- Indexes for table `penjadwalan_neuro_fuzzy`
--
ALTER TABLE `penjadwalan_neuro_fuzzy`
  ADD PRIMARY KEY (`id_penjadwalan_neuro_fuzzy`),
  ADD KEY `penjadwalan_neuro_fuzzy_id_pegawai_foreign` (`id_pegawai`),
  ADD KEY `penjadwalan_neuro_fuzzy_id_piket_foreign` (`id_piket`);

--
-- Indexes for table `pikets`
--
ALTER TABLE `pikets`
  ADD PRIMARY KEY (`id_piket`);

--
-- Indexes for table `status_jadwal_piket`
--
ALTER TABLE `status_jadwal_piket`
  ADD PRIMARY KEY (`id`);

--
-- Indexes for table `users`
--
ALTER TABLE `users`
  ADD PRIMARY KEY (`id`),
  ADD UNIQUE KEY `users_email_unique` (`email`);

--
-- AUTO_INCREMENT for dumped tables
--

--
-- AUTO_INCREMENT for table `failed_jobs`
--
ALTER TABLE `failed_jobs`
  MODIFY `id` bigint(20) UNSIGNED NOT NULL AUTO_INCREMENT;

--
-- AUTO_INCREMENT for table `jabatans`
--
ALTER TABLE `jabatans`
  MODIFY `id_jabatan` bigint(20) UNSIGNED NOT NULL AUTO_INCREMENT, AUTO_INCREMENT=3;

--
-- AUTO_INCREMENT for table `jenis_kelamins`
--
ALTER TABLE `jenis_kelamins`
  MODIFY `id_jenis_kelamin` bigint(20) UNSIGNED NOT NULL AUTO_INCREMENT, AUTO_INCREMENT=3;

--
-- AUTO_INCREMENT for table `migrations`
--
ALTER TABLE `migrations`
  MODIFY `id` int(10) UNSIGNED NOT NULL AUTO_INCREMENT, AUTO_INCREMENT=13;

--
-- AUTO_INCREMENT for table `pegawais`
--
ALTER TABLE `pegawais`
  MODIFY `id_pegawai` bigint(20) UNSIGNED NOT NULL AUTO_INCREMENT, AUTO_INCREMENT=14;

--
-- AUTO_INCREMENT for table `penjadwalans`
--
ALTER TABLE `penjadwalans`
  MODIFY `id_penjadwalans` bigint(20) UNSIGNED NOT NULL AUTO_INCREMENT;

--
-- AUTO_INCREMENT for table `penjadwalan_genetikas`
--
ALTER TABLE `penjadwalan_genetikas`
  MODIFY `id_penjadwalan_genetikas` bigint(20) UNSIGNED NOT NULL AUTO_INCREMENT, AUTO_INCREMENT=1613;

--
-- AUTO_INCREMENT for table `penjadwalan_memetika`
--
ALTER TABLE `penjadwalan_memetika`
  MODIFY `id_penjadwalan_memetika` bigint(20) UNSIGNED NOT NULL AUTO_INCREMENT, AUTO_INCREMENT=2039;

--
-- AUTO_INCREMENT for table `penjadwalan_neuro_fuzzy`
--
ALTER TABLE `penjadwalan_neuro_fuzzy`
  MODIFY `id_penjadwalan_neuro_fuzzy` bigint(20) UNSIGNED NOT NULL AUTO_INCREMENT;

--
-- AUTO_INCREMENT for table `pikets`
--
ALTER TABLE `pikets`
  MODIFY `id_piket` bigint(20) UNSIGNED NOT NULL AUTO_INCREMENT, AUTO_INCREMENT=16;

--
-- AUTO_INCREMENT for table `status_jadwal_piket`
--
ALTER TABLE `status_jadwal_piket`
  MODIFY `id` bigint(20) UNSIGNED NOT NULL AUTO_INCREMENT;

--
-- AUTO_INCREMENT for table `users`
--
ALTER TABLE `users`
  MODIFY `id` bigint(20) UNSIGNED NOT NULL AUTO_INCREMENT;

--
-- Constraints for dumped tables
--

--
-- Constraints for table `pegawais`
--
ALTER TABLE `pegawais`
  ADD CONSTRAINT `pegawais_id_jabatan_foreign` FOREIGN KEY (`id_jabatan`) REFERENCES `jabatans` (`id_jabatan`),
  ADD CONSTRAINT `pegawais_id_jenis_kelamin_foreign` FOREIGN KEY (`id_jenis_kelamin`) REFERENCES `jenis_kelamins` (`id_jenis_kelamin`);

--
-- Constraints for table `penjadwalans`
--
ALTER TABLE `penjadwalans`
  ADD CONSTRAINT `penjadwalans_id_pegawai_foreign` FOREIGN KEY (`id_pegawai`) REFERENCES `pegawais` (`id_pegawai`),
  ADD CONSTRAINT `penjadwalans_id_piket_foreign` FOREIGN KEY (`id_piket`) REFERENCES `pikets` (`id_piket`);

--
-- Constraints for table `penjadwalan_genetikas`
--
ALTER TABLE `penjadwalan_genetikas`
  ADD CONSTRAINT `penjadwalan_genetikas_id_pegawai_foreign` FOREIGN KEY (`id_pegawai`) REFERENCES `pegawais` (`id_pegawai`),
  ADD CONSTRAINT `penjadwalan_genetikas_id_piket_foreign` FOREIGN KEY (`id_piket`) REFERENCES `pikets` (`id_piket`);

--
-- Constraints for table `penjadwalan_memetika`
--
ALTER TABLE `penjadwalan_memetika`
  ADD CONSTRAINT `penjadwalan_memetika_id_pegawai_foreign` FOREIGN KEY (`id_pegawai`) REFERENCES `pegawais` (`id_pegawai`),
  ADD CONSTRAINT `penjadwalan_memetika_id_piket_foreign` FOREIGN KEY (`id_piket`) REFERENCES `pikets` (`id_piket`);

--
-- Constraints for table `penjadwalan_neuro_fuzzy`
--
ALTER TABLE `penjadwalan_neuro_fuzzy`
  ADD CONSTRAINT `penjadwalan_neuro_fuzzy_id_pegawai_foreign` FOREIGN KEY (`id_pegawai`) REFERENCES `pegawais` (`id_pegawai`),
  ADD CONSTRAINT `penjadwalan_neuro_fuzzy_id_piket_foreign` FOREIGN KEY (`id_piket`) REFERENCES `pikets` (`id_piket`);
COMMIT;

/*!40101 SET CHARACTER_SET_CLIENT=@OLD_CHARACTER_SET_CLIENT */;
/*!40101 SET CHARACTER_SET_RESULTS=@OLD_CHARACTER_SET_RESULTS */;
/*!40101 SET COLLATION_CONNECTION=@OLD_COLLATION_CONNECTION */;
