-- phpMyAdmin SQL Dump
-- version 5.1.1
-- https://www.phpmyadmin.net/
--
-- Host: 127.0.0.1
-- Generation Time: Nov 22, 2021 at 03:11 AM
-- Server version: 10.4.21-MariaDB
-- PHP Version: 8.0.12

SET SQL_MODE = "NO_AUTO_VALUE_ON_ZERO";
START TRANSACTION;
SET time_zone = "+00:00";


/*!40101 SET @OLD_CHARACTER_SET_CLIENT=@@CHARACTER_SET_CLIENT */;
/*!40101 SET @OLD_CHARACTER_SET_RESULTS=@@CHARACTER_SET_RESULTS */;
/*!40101 SET @OLD_COLLATION_CONNECTION=@@COLLATION_CONNECTION */;
/*!40101 SET NAMES utf8mb4 */;

--
-- Database: `penjadwalan_piket`
--

-- --------------------------------------------------------

--
-- Table structure for table `failed_jobs`
--

CREATE TABLE `failed_jobs` (
  `id` bigint(20) UNSIGNED NOT NULL,
  `uuid` varchar(255) COLLATE utf8mb4_unicode_ci NOT NULL,
  `connection` text COLLATE utf8mb4_unicode_ci NOT NULL,
  `queue` text COLLATE utf8mb4_unicode_ci NOT NULL,
  `payload` longtext COLLATE utf8mb4_unicode_ci NOT NULL,
  `exception` longtext COLLATE utf8mb4_unicode_ci NOT NULL,
  `failed_at` timestamp NOT NULL DEFAULT current_timestamp()
) ENGINE=InnoDB DEFAULT CHARSET=utf8mb4 COLLATE=utf8mb4_unicode_ci;

-- --------------------------------------------------------

--
-- Table structure for table `jabatans`
--

CREATE TABLE `jabatans` (
  `id_jabatan` bigint(20) UNSIGNED NOT NULL,
  `nama_jabatan` varchar(255) COLLATE utf8mb4_unicode_ci NOT NULL
) ENGINE=InnoDB DEFAULT CHARSET=utf8mb4 COLLATE=utf8mb4_unicode_ci;

--
-- Dumping data for table `jabatans`
--

INSERT INTO `jabatans` (`id_jabatan`, `nama_jabatan`) VALUES
(1, 'Dokter Umum'),
(2, 'Perawat');

-- --------------------------------------------------------

--
-- Table structure for table `jenis_kelamins`
--

CREATE TABLE `jenis_kelamins` (
  `id_jenis_kelamin` bigint(20) UNSIGNED NOT NULL,
  `nama_jenis_kelamin` varchar(255) COLLATE utf8mb4_unicode_ci NOT NULL
) ENGINE=InnoDB DEFAULT CHARSET=utf8mb4 COLLATE=utf8mb4_unicode_ci;

--
-- Dumping data for table `jenis_kelamins`
--

INSERT INTO `jenis_kelamins` (`id_jenis_kelamin`, `nama_jenis_kelamin`) VALUES
(1, 'Laki-Laki'),
(2, 'Perempuan');

-- --------------------------------------------------------

--
-- Table structure for table `migrations`
--

CREATE TABLE `migrations` (
  `id` int(10) UNSIGNED NOT NULL,
  `migration` varchar(255) COLLATE utf8mb4_unicode_ci NOT NULL,
  `batch` int(11) NOT NULL
) ENGINE=InnoDB DEFAULT CHARSET=utf8mb4 COLLATE=utf8mb4_unicode_ci;

--
-- Dumping data for table `migrations`
--

INSERT INTO `migrations` (`id`, `migration`, `batch`) VALUES
(1, '2014_10_12_000000_create_users_table', 1),
(2, '2014_10_12_100000_create_password_resets_table', 1),
(3, '2019_08_19_000000_create_failed_jobs_table', 1),
(4, '2021_07_15_095200_create_pikets_table', 1),
(5, '2021_07_15_095631_create_jenis_kelamins_table', 1),
(6, '2021_07_15_095739_create_jabatans_table', 1),
(7, '2021_07_15_095820_create_pegawais_table', 1),
(8, '2021_07_15_100135_create_penjadwalans_table', 1),
(9, '2021_10_11_091654_create_penjadwalan_memetika', 1),
(10, '2021_10_11_091706_create_penjadwalan_neuro_fuzzy', 1),
(11, '2021_10_12_091850_create_status_jadwal_piket_table', 1),
(12, '2021_11_16_142241_create_penjadwalan_genetikas_table', 1);

-- --------------------------------------------------------

--
-- Table structure for table `password_resets`
--

CREATE TABLE `password_resets` (
  `email` varchar(255) COLLATE utf8mb4_unicode_ci NOT NULL,
  `token` varchar(255) COLLATE utf8mb4_unicode_ci NOT NULL,
  `created_at` timestamp NULL DEFAULT NULL
) ENGINE=InnoDB DEFAULT CHARSET=utf8mb4 COLLATE=utf8mb4_unicode_ci;

-- --------------------------------------------------------

--
-- Table structure for table `pegawais`
--

CREATE TABLE `pegawais` (
  `id_pegawai` bigint(20) UNSIGNED NOT NULL,
  `nama_pegawai` varchar(255) COLLATE utf8mb4_unicode_ci NOT NULL,
  `id_jenis_kelamin` bigint(20) UNSIGNED NOT NULL,
  `id_jabatan` bigint(20) UNSIGNED NOT NULL
) ENGINE=InnoDB DEFAULT CHARSET=utf8mb4 COLLATE=utf8mb4_unicode_ci;

--
-- Dumping data for table `pegawais`
--

INSERT INTO `pegawais` (`id_pegawai`, `nama_pegawai`, `id_jenis_kelamin`, `id_jabatan`) VALUES
(1, 'dr. Amelia', 2, 1),
(2, 'dr. Dwi Bhakti P', 2, 1),
(3, 'Eni Sudaryati', 2, 2),
(4, 'Nely Puspita', 2, 2),
(5, 'Martiningsih', 2, 2),
(6, 'Endah Lestari', 2, 2),
(7, 'Eni Setioningsih', 2, 2),
(8, 'Margi Yuwono', 1, 2),
(9, 'Ari S', 2, 2),
(10, 'Suripah', 2, 2),
(11, 'Heriyah Safari', 2, 2),
(12, 'Ukhulul', 1, 2),
(13, 'Anisa', 2, 2);

-- --------------------------------------------------------

--
-- Table structure for table `penjadwalans`
--

CREATE TABLE `penjadwalans` (
  `id_penjadwalans` bigint(20) UNSIGNED NOT NULL,
  `id_pegawai` bigint(20) UNSIGNED NOT NULL,
  `id_piket` bigint(20) UNSIGNED NOT NULL,
  `tanggal_penjadwalan` date NOT NULL
) ENGINE=InnoDB DEFAULT CHARSET=utf8mb4 COLLATE=utf8mb4_unicode_ci;

-- --------------------------------------------------------

--
-- Table structure for table `penjadwalan_genetikas`
--

CREATE TABLE `penjadwalan_genetikas` (
  `id_penjadwalan_genetikas` bigint(20) UNSIGNED NOT NULL,
  `id_pegawai` bigint(20) UNSIGNED NOT NULL,
  `id_piket` bigint(20) UNSIGNED NOT NULL,
  `kode_piket` varchar(255) COLLATE utf8mb4_unicode_ci NOT NULL,
  `tanggal_penjadwalan` date NOT NULL,
  `tanggal_pembuatan_jadwal` datetime NOT NULL,
  `nilai_fitness` varchar(255) COLLATE utf8mb4_unicode_ci NOT NULL
) ENGINE=InnoDB DEFAULT CHARSET=utf8mb4 COLLATE=utf8mb4_unicode_ci;

--
-- Dumping data for table `penjadwalan_genetikas`
--

INSERT INTO `penjadwalan_genetikas` (`id_penjadwalan_genetikas`, `id_pegawai`, `id_piket`, `kode_piket`, `tanggal_penjadwalan`, `tanggal_pembuatan_jadwal`, `nilai_fitness`) VALUES
(1, 1, 2, 'PCare RPU', '2021-12-01', '2021-11-18 11:53:23', '2'),
(2, 1, 3, 'R.Inf', '2021-12-02', '2021-11-18 11:53:23', '3'),
(3, 1, 2, 'PCare RPU', '2021-12-03', '2021-11-18 11:53:23', '2'),
(4, 1, 5, 'PB', '2021-12-04', '2021-11-18 11:53:23', '2'),
(5, 1, 4, 'IVA/PTM', '2021-12-05', '2021-11-18 11:53:23', '-1'),
(6, 1, 4, 'IVA/PTM', '2021-12-06', '2021-11-18 11:53:23', '2'),
(7, 1, 5, 'PB', '2021-12-07', '2021-11-18 11:53:23', '2'),
(8, 1, 1, 'RPU', '2021-12-08', '2021-11-18 11:53:23', '3'),
(9, 1, 6, 'KR', '2021-12-09', '2021-11-18 11:53:23', '2'),
(10, 1, 1, 'RPU', '2021-12-10', '2021-11-18 11:53:23', '3'),
(11, 1, 4, 'IVA/PTM', '2021-12-11', '2021-11-18 11:53:23', '2'),
(12, 1, 5, 'PB', '2021-12-12', '2021-11-18 11:53:23', '-1'),
(13, 1, 4, 'IVA/PTM', '2021-12-13', '2021-11-18 11:53:23', '2'),
(14, 1, 4, 'IVA/PTM', '2021-12-14', '2021-11-18 11:53:23', '2'),
(15, 1, 12, 'KKR', '2021-12-15', '2021-11-18 11:53:23', '2'),
(16, 1, 4, 'IVA/PTM', '2021-12-16', '2021-11-18 11:53:23', '2'),
(17, 1, 7, 'BDH', '2021-12-17', '2021-11-18 11:53:23', '2'),
(18, 1, 3, 'R.Inf', '2021-12-18', '2021-11-18 11:53:23', '3'),
(19, 1, 6, 'KR', '2021-12-19', '2021-11-18 11:53:23', '-1'),
(20, 1, 6, 'KR', '2021-12-20', '2021-11-18 11:53:23', '2'),
(21, 1, 7, 'BDH', '2021-12-21', '2021-11-18 11:53:23', '2'),
(22, 1, 4, 'IVA/PTM', '2021-12-22', '2021-11-18 11:53:23', '2'),
(23, 1, 2, 'PCare RPU', '2021-12-23', '2021-11-18 11:53:23', '2'),
(24, 1, 1, 'RPU', '2021-12-24', '2021-11-18 11:53:23', '3'),
(25, 1, 2, 'PCare RPU', '2021-12-25', '2021-11-18 11:53:23', '2'),
(26, 1, 4, 'IVA/PTM', '2021-12-26', '2021-11-18 11:53:23', '-1'),
(27, 1, 4, 'IVA/PTM', '2021-12-27', '2021-11-18 11:53:23', '2'),
(28, 1, 1, 'RPU', '2021-12-28', '2021-11-18 11:53:23', '1'),
(29, 1, 4, 'IVA/PTM', '2021-12-29', '2021-11-18 11:53:23', '2'),
(30, 1, 5, 'PB', '2021-12-30', '2021-11-18 11:53:23', '2'),
(31, 1, 11, 'SCR', '2021-12-31', '2021-11-18 11:53:23', '2'),
(32, 2, 2, 'PCare RPU', '2021-12-01', '2021-11-18 11:53:23', '2'),
(33, 2, 4, 'IVA/PTM', '2021-12-02', '2021-11-18 11:53:23', '2'),
(34, 2, 1, 'RPU', '2021-12-03', '2021-11-18 11:53:23', '1'),
(35, 2, 1, 'RPU', '2021-12-04', '2021-11-18 11:53:23', '3'),
(36, 2, 9, 'Mtbs/RT', '2021-12-05', '2021-11-18 11:53:23', '-1'),
(37, 2, 6, 'KR', '2021-12-06', '2021-11-18 11:53:23', '2'),
(38, 2, 15, '', '0000-00-00', '2021-11-18 11:53:23', ''),
(39, 2, 3, 'R.Inf', '2021-12-08', '2021-11-18 11:53:23', '3'),
(40, 2, 5, 'PB', '2021-12-09', '2021-11-18 11:53:23', '2'),
(41, 2, 10, 'Surveillance', '2021-12-10', '2021-11-18 11:53:23', '2'),
(42, 2, 1, 'RPU', '2021-12-11', '2021-11-18 11:53:23', '3'),
(43, 2, 8, 'Aster', '2021-12-12', '2021-11-18 11:53:23', '-1'),
(44, 2, 3, 'R.Inf', '2021-12-13', '2021-11-18 11:53:23', '3'),
(45, 2, 1, 'RPU', '2021-12-14', '2021-11-18 11:53:23', '3'),
(46, 2, 2, 'PCare RPU', '2021-12-15', '2021-11-18 11:53:23', '2'),
(47, 2, 9, 'Mtbs/RT', '2021-12-16', '2021-11-18 11:53:23', '2'),
(48, 2, 4, 'IVA/PTM', '2021-12-17', '2021-11-18 11:53:23', '2'),
(49, 2, 15, '', '0000-00-00', '2021-11-18 11:53:23', ''),
(50, 2, 2, 'PCare RPU', '2021-12-19', '2021-11-18 11:53:23', '-1'),
(51, 2, 14, 'LP', '2021-12-20', '2021-11-18 11:53:23', '2'),
(52, 2, 15, '', '0000-00-00', '2021-11-18 11:53:23', ''),
(53, 2, 9, 'Mtbs/RT', '2021-12-22', '2021-11-18 11:53:23', '2'),
(54, 2, 7, 'BDH', '2021-12-23', '2021-11-18 11:53:23', '2'),
(55, 2, 6, 'KR', '2021-12-24', '2021-11-18 11:53:23', '2'),
(56, 2, 2, 'PCare RPU', '2021-12-25', '2021-11-18 11:53:23', '2'),
(57, 2, 1, 'RPU', '2021-12-26', '2021-11-18 11:53:23', '-1'),
(58, 2, 3, 'R.Inf', '2021-12-27', '2021-11-18 11:53:23', '3'),
(59, 2, 1, 'RPU', '2021-12-28', '2021-11-18 11:53:23', '3'),
(60, 2, 4, 'IVA/PTM', '2021-12-29', '2021-11-18 11:53:23', '2'),
(61, 2, 9, 'Mtbs/RT', '2021-12-30', '2021-11-18 11:53:23', '2'),
(62, 2, 5, 'PB', '2021-12-31', '2021-11-18 11:53:23', '2'),
(63, 3, 1, 'RPU', '2021-12-01', '2021-11-18 11:53:23', '2'),
(64, 3, 2, 'PCare RPU', '2021-12-02', '2021-11-18 11:53:23', '2'),
(65, 3, 4, 'IVA/PTM', '2021-12-03', '2021-11-18 11:53:23', '2'),
(66, 3, 13, 'Prolanis', '2021-12-04', '2021-11-18 11:53:23', '2'),
(67, 3, 5, 'PB', '2021-12-05', '2021-11-18 11:53:23', '-1'),
(68, 3, 1, 'RPU', '2021-12-06', '2021-11-18 11:53:23', '2'),
(69, 3, 7, 'BDH', '2021-12-07', '2021-11-18 11:53:23', '2'),
(70, 3, 1, 'RPU', '2021-12-08', '2021-11-18 11:53:23', '2'),
(71, 3, 4, 'IVA/PTM', '2021-12-09', '2021-11-18 11:53:23', '2'),
(72, 3, 1, 'RPU', '2021-12-10', '2021-11-18 11:53:23', '2'),
(73, 3, 2, 'PCare RPU', '2021-12-11', '2021-11-18 11:53:23', '2'),
(74, 3, 8, 'Aster', '2021-12-12', '2021-11-18 11:53:23', '-1'),
(75, 3, 15, '', '0000-00-00', '2021-11-18 11:53:23', ''),
(76, 3, 10, 'Surveillance', '2021-12-14', '2021-11-18 11:53:23', '2'),
(77, 3, 7, 'BDH', '2021-12-15', '2021-11-18 11:53:23', '2'),
(78, 3, 4, 'IVA/PTM', '2021-12-16', '2021-11-18 11:53:23', '2'),
(79, 3, 2, 'PCare RPU', '2021-12-17', '2021-11-18 11:53:23', '2'),
(80, 3, 2, 'PCare RPU', '2021-12-18', '2021-11-18 11:53:23', '2'),
(81, 3, 2, 'PCare RPU', '2021-12-19', '2021-11-18 11:53:23', '-1'),
(82, 3, 3, 'R.Inf', '2021-12-20', '2021-11-18 11:53:23', '2'),
(83, 3, 4, 'IVA/PTM', '2021-12-21', '2021-11-18 11:53:23', '2'),
(84, 3, 1, 'RPU', '2021-12-22', '2021-11-18 11:53:23', '2'),
(85, 3, 1, 'RPU', '2021-12-23', '2021-11-18 11:53:23', '2'),
(86, 3, 10, 'Surveillance', '2021-12-24', '2021-11-18 11:53:23', '2'),
(87, 3, 4, 'IVA/PTM', '2021-12-25', '2021-11-18 11:53:23', '2'),
(88, 3, 13, 'Prolanis', '2021-12-26', '2021-11-18 11:53:23', '-1'),
(89, 3, 6, 'KR', '2021-12-27', '2021-11-18 11:53:23', '2'),
(90, 3, 7, 'BDH', '2021-12-28', '2021-11-18 11:53:23', '2'),
(91, 3, 8, 'Aster', '2021-12-29', '2021-11-18 11:53:23', '2'),
(92, 3, 3, 'R.Inf', '2021-12-30', '2021-11-18 11:53:23', '2'),
(93, 3, 9, 'Mtbs/RT', '2021-12-31', '2021-11-18 11:53:23', '2'),
(94, 4, 7, 'BDH', '2021-12-01', '2021-11-18 11:53:23', '2'),
(95, 4, 2, 'PCare RPU', '2021-12-02', '2021-11-18 11:53:23', '2'),
(96, 4, 1, 'RPU', '2021-12-03', '2021-11-18 11:53:23', '2'),
(97, 4, 14, 'LP', '2021-12-04', '2021-11-18 11:53:23', '2'),
(98, 4, 8, 'Aster', '2021-12-05', '2021-11-18 11:53:23', '-1'),
(99, 4, 1, 'RPU', '2021-12-06', '2021-11-18 11:53:23', '2'),
(100, 4, 7, 'BDH', '2021-12-07', '2021-11-18 11:53:23', '2'),
(101, 4, 1, 'RPU', '2021-12-08', '2021-11-18 11:53:23', '2'),
(102, 4, 15, '', '0000-00-00', '2021-11-18 11:53:23', ''),
(103, 4, 4, 'IVA/PTM', '2021-12-10', '2021-11-18 11:53:23', '2'),
(104, 4, 12, 'KKR', '2021-12-11', '2021-11-18 11:53:23', '2'),
(105, 4, 3, 'R.Inf', '2021-12-12', '2021-11-18 11:53:23', '-1'),
(106, 4, 9, 'Mtbs/RT', '2021-12-13', '2021-11-18 11:53:23', '2'),
(107, 4, 9, 'Mtbs/RT', '2021-12-14', '2021-11-18 11:53:23', '2'),
(108, 4, 13, 'Prolanis', '2021-12-15', '2021-11-18 11:53:23', '2'),
(109, 4, 7, 'BDH', '2021-12-16', '2021-11-18 11:53:23', '2'),
(110, 4, 11, 'SCR', '2021-12-17', '2021-11-18 11:53:23', '2'),
(111, 4, 15, '', '0000-00-00', '2021-11-18 11:53:23', ''),
(112, 4, 1, 'RPU', '2021-12-19', '2021-11-18 11:53:23', '-1'),
(113, 4, 1, 'RPU', '2021-12-20', '2021-11-18 11:53:23', '2'),
(114, 4, 4, 'IVA/PTM', '2021-12-21', '2021-11-18 11:53:23', '2'),
(115, 4, 3, 'R.Inf', '2021-12-22', '2021-11-18 11:53:23', '2'),
(116, 4, 2, 'PCare RPU', '2021-12-23', '2021-11-18 11:53:23', '2'),
(117, 4, 3, 'R.Inf', '2021-12-24', '2021-11-18 11:53:23', '2'),
(118, 4, 1, 'RPU', '2021-12-25', '2021-11-18 11:53:23', '2'),
(119, 4, 2, 'PCare RPU', '2021-12-26', '2021-11-18 11:53:23', '-1'),
(120, 4, 2, 'PCare RPU', '2021-12-27', '2021-11-18 11:53:23', '2'),
(121, 4, 3, 'R.Inf', '2021-12-28', '2021-11-18 11:53:23', '2'),
(122, 4, 7, 'BDH', '2021-12-29', '2021-11-18 11:53:23', '2'),
(123, 4, 8, 'Aster', '2021-12-30', '2021-11-18 11:53:23', '2'),
(124, 4, 3, 'R.Inf', '2021-12-31', '2021-11-18 11:53:23', '2'),
(125, 5, 2, 'PCare RPU', '2021-12-01', '2021-11-18 11:53:23', '2'),
(126, 5, 1, 'RPU', '2021-12-02', '2021-11-18 11:53:23', '2'),
(127, 5, 1, 'RPU', '2021-12-03', '2021-11-18 11:53:23', '2'),
(128, 5, 7, 'BDH', '2021-12-04', '2021-11-18 11:53:23', '2'),
(129, 5, 3, 'R.Inf', '2021-12-05', '2021-11-18 11:53:23', '-1'),
(130, 5, 12, 'KKR', '2021-12-06', '2021-11-18 11:53:23', '2'),
(131, 5, 4, 'IVA/PTM', '2021-12-07', '2021-11-18 11:53:23', '2'),
(132, 5, 1, 'RPU', '2021-12-08', '2021-11-18 11:53:23', '2'),
(133, 5, 3, 'R.Inf', '2021-12-09', '2021-11-18 11:53:23', '2'),
(134, 5, 1, 'RPU', '2021-12-10', '2021-11-18 11:53:23', '2'),
(135, 5, 2, 'PCare RPU', '2021-12-11', '2021-11-18 11:53:23', '2'),
(136, 5, 15, '', '0000-00-00', '2021-11-18 11:53:23', ''),
(137, 5, 6, 'KR', '2021-12-13', '2021-11-18 11:53:23', '2'),
(138, 5, 4, 'IVA/PTM', '2021-12-14', '2021-11-18 11:53:23', '2'),
(139, 5, 1, 'RPU', '2021-12-15', '2021-11-18 11:53:23', '2'),
(140, 5, 1, 'RPU', '2021-12-16', '2021-11-18 11:53:23', '2'),
(141, 5, 2, 'PCare RPU', '2021-12-17', '2021-11-18 11:53:23', '2'),
(142, 5, 1, 'RPU', '2021-12-18', '2021-11-18 11:53:23', '2'),
(143, 5, 3, 'R.Inf', '2021-12-19', '2021-11-18 11:53:23', '-1'),
(144, 5, 2, 'PCare RPU', '2021-12-20', '2021-11-18 11:53:23', '2'),
(145, 5, 5, 'PB', '2021-12-21', '2021-11-18 11:53:23', '1'),
(146, 5, 6, 'KR', '2021-12-22', '2021-11-18 11:53:23', '2'),
(147, 5, 5, 'PB', '2021-12-23', '2021-11-18 11:53:23', '3'),
(148, 5, 11, 'SCR', '2021-12-24', '2021-11-18 11:53:23', '2'),
(149, 5, 4, 'IVA/PTM', '2021-12-25', '2021-11-18 11:53:23', '2'),
(150, 5, 5, 'PB', '2021-12-26', '2021-11-18 11:53:23', '-1'),
(151, 5, 5, 'PB', '2021-12-27', '2021-11-18 11:53:23', '1'),
(152, 5, 2, 'PCare RPU', '2021-12-28', '2021-11-18 11:53:23', '2'),
(153, 5, 3, 'R.Inf', '2021-12-29', '2021-11-18 11:53:23', '2'),
(154, 5, 7, 'BDH', '2021-12-30', '2021-11-18 11:53:23', '2'),
(155, 5, 1, 'RPU', '2021-12-31', '2021-11-18 11:53:23', '2'),
(156, 6, 7, 'BDH', '2021-12-01', '2021-11-18 11:53:23', '2'),
(157, 6, 10, 'Surveillance', '2021-12-02', '2021-11-18 11:53:23', '2'),
(158, 6, 4, 'IVA/PTM', '2021-12-03', '2021-11-18 11:53:23', '2'),
(159, 6, 2, 'PCare RPU', '2021-12-04', '2021-11-18 11:53:23', '2'),
(160, 6, 1, 'RPU', '2021-12-05', '2021-11-18 11:53:23', '-1'),
(161, 6, 7, 'BDH', '2021-12-06', '2021-11-18 11:53:23', '2'),
(162, 6, 1, 'RPU', '2021-12-07', '2021-11-18 11:53:23', '2'),
(163, 6, 14, 'LP', '2021-12-08', '2021-11-18 11:53:23', '2'),
(164, 6, 2, 'PCare RPU', '2021-12-09', '2021-11-18 11:53:23', '2'),
(165, 6, 4, 'IVA/PTM', '2021-12-10', '2021-11-18 11:53:23', '2'),
(166, 6, 15, '', '0000-00-00', '2021-11-18 11:53:23', ''),
(167, 6, 3, 'R.Inf', '2021-12-12', '2021-11-18 11:53:23', '-1'),
(168, 6, 2, 'PCare RPU', '2021-12-13', '2021-11-18 11:53:23', '2'),
(169, 6, 1, 'RPU', '2021-12-14', '2021-11-18 11:53:23', '2'),
(170, 6, 15, 'PKD', '2021-12-15', '2021-11-18 11:53:23', '2'),
(171, 6, 8, 'Aster', '2021-12-16', '2021-11-18 11:53:23', '2'),
(172, 6, 6, 'KR', '2021-12-17', '2021-11-18 11:53:23', '2'),
(173, 6, 4, 'IVA/PTM', '2021-12-18', '2021-11-18 11:53:23', '2'),
(174, 6, 2, 'PCare RPU', '2021-12-19', '2021-11-18 11:53:23', '-1'),
(175, 6, 15, '', '0000-00-00', '2021-11-18 11:53:23', ''),
(176, 6, 6, 'KR', '2021-12-21', '2021-11-18 11:53:23', '2'),
(177, 6, 9, 'Mtbs/RT', '2021-12-22', '2021-11-18 11:53:23', '2'),
(178, 6, 11, 'SCR', '2021-12-23', '2021-11-18 11:53:23', '2'),
(179, 6, 9, 'Mtbs/RT', '2021-12-24', '2021-11-18 11:53:23', '2'),
(180, 6, 4, 'IVA/PTM', '2021-12-25', '2021-11-18 11:53:23', '2'),
(181, 6, 15, '', '0000-00-00', '2021-11-18 11:53:23', ''),
(182, 6, 9, 'Mtbs/RT', '2021-12-27', '2021-11-18 11:53:23', '2'),
(183, 6, 11, 'SCR', '2021-12-28', '2021-11-18 11:53:23', '2'),
(184, 6, 2, 'PCare RPU', '2021-12-29', '2021-11-18 11:53:23', '2'),
(185, 6, 5, 'PB', '2021-12-30', '2021-11-18 11:53:23', '2'),
(186, 6, 1, 'RPU', '2021-12-31', '2021-11-18 11:53:23', '2'),
(187, 7, 15, 'PKD', '2021-12-01', '2021-11-18 11:53:23', '2'),
(188, 7, 13, 'Prolanis', '2021-12-02', '2021-11-18 11:53:23', '2'),
(189, 7, 5, 'PB', '2021-12-03', '2021-11-18 11:53:23', '2'),
(190, 7, 4, 'IVA/PTM', '2021-12-04', '2021-11-18 11:53:23', '2'),
(191, 7, 15, '', '0000-00-00', '2021-11-18 11:53:23', ''),
(192, 7, 11, 'SCR', '2021-12-06', '2021-11-18 11:53:23', '2'),
(193, 7, 2, 'PCare RPU', '2021-12-07', '2021-11-18 11:53:23', '2'),
(194, 7, 7, 'BDH', '2021-12-08', '2021-11-18 11:53:23', '1'),
(195, 7, 8, 'Aster', '2021-12-09', '2021-11-18 11:53:23', '2'),
(196, 7, 15, '', '0000-00-00', '2021-11-18 11:53:23', ''),
(197, 7, 15, '', '0000-00-00', '2021-11-18 11:53:23', ''),
(198, 7, 15, '', '0000-00-00', '2021-11-18 11:53:23', ''),
(199, 7, 5, 'PB', '2021-12-13', '2021-11-18 11:53:23', '2'),
(200, 7, 15, '', '0000-00-00', '2021-11-18 11:53:23', ''),
(201, 7, 2, 'PCare RPU', '2021-12-15', '2021-11-18 11:53:23', '2'),
(202, 7, 1, 'RPU', '2021-12-16', '2021-11-18 11:53:23', '2'),
(203, 7, 14, 'LP', '2021-12-17', '2021-11-18 11:53:23', '2'),
(204, 7, 1, 'RPU', '2021-12-18', '2021-11-18 11:53:23', '2'),
(205, 7, 15, '', '0000-00-00', '2021-11-18 11:53:23', ''),
(206, 7, 10, 'Surveillance', '2021-12-20', '2021-11-18 11:53:23', '2'),
(207, 7, 5, 'PB', '2021-12-21', '2021-11-18 11:53:23', '2'),
(208, 7, 15, '', '0000-00-00', '2021-11-18 11:53:23', ''),
(209, 7, 1, 'RPU', '2021-12-23', '2021-11-18 11:53:23', '2'),
(210, 7, 12, 'KKR', '2021-12-24', '2021-11-18 11:53:23', '2'),
(211, 7, 8, 'Aster', '2021-12-25', '2021-11-18 11:53:23', '2'),
(212, 7, 15, '', '0000-00-00', '2021-11-18 11:53:23', ''),
(213, 7, 8, 'Aster', '2021-12-27', '2021-11-18 11:53:23', '2'),
(214, 7, 6, 'KR', '2021-12-28', '2021-11-18 11:53:23', '2'),
(215, 7, 11, 'SCR', '2021-12-29', '2021-11-18 11:53:23', '2'),
(216, 7, 1, 'RPU', '2021-12-30', '2021-11-18 11:53:23', '2'),
(217, 7, 2, 'PCare RPU', '2021-12-31', '2021-11-18 11:53:23', '2'),
(218, 8, 2, 'PCare RPU', '2021-12-01', '2021-11-18 11:53:23', '1'),
(219, 8, 15, '', '0000-00-00', '2021-11-18 11:53:23', ''),
(220, 8, 14, 'LP', '2021-12-03', '2021-11-18 11:53:23', '1'),
(221, 8, 8, 'Aster', '2021-12-04', '2021-11-18 11:53:23', '1'),
(222, 8, 15, '', '0000-00-00', '2021-11-18 11:53:23', ''),
(223, 8, 15, 'PKD', '2021-12-06', '2021-11-18 11:53:23', '3'),
(224, 8, 7, 'BDH', '2021-12-07', '2021-11-18 11:53:23', '1'),
(225, 8, 4, 'IVA/PTM', '2021-12-08', '2021-11-18 11:53:23', '1'),
(226, 8, 6, 'KR', '2021-12-09', '2021-11-18 11:53:23', '1'),
(227, 8, 2, 'PCare RPU', '2021-12-10', '2021-11-18 11:53:23', '1'),
(228, 8, 5, 'PB', '2021-12-11', '2021-11-18 11:53:23', '1'),
(229, 8, 15, '', '0000-00-00', '2021-11-18 11:53:23', ''),
(230, 8, 15, 'PKD', '2021-12-13', '2021-11-18 11:53:23', '3'),
(231, 8, 15, '', '0000-00-00', '2021-11-18 11:53:23', ''),
(232, 8, 11, 'SCR', '2021-12-15', '2021-11-18 11:53:23', '1'),
(233, 8, 7, 'BDH', '2021-12-16', '2021-11-18 11:53:23', '1'),
(234, 8, 11, 'SCR', '2021-12-17', '2021-11-18 11:53:23', '1'),
(235, 8, 11, 'SCR', '2021-12-18', '2021-11-18 11:53:23', '1'),
(236, 8, 15, '', '0000-00-00', '2021-11-18 11:53:23', ''),
(237, 8, 3, 'R.Inf', '2021-12-20', '2021-11-18 11:53:23', '1'),
(238, 8, 15, 'PKD', '2021-12-21', '2021-11-18 11:53:23', '3'),
(239, 8, 5, 'PB', '2021-12-22', '2021-11-18 11:53:23', '1'),
(240, 8, 15, 'PKD', '2021-12-23', '2021-11-18 11:53:23', '3'),
(241, 8, 1, 'RPU', '2021-12-24', '2021-11-18 11:53:23', '1'),
(242, 8, 8, 'Aster', '2021-12-25', '2021-11-18 11:53:23', '1'),
(243, 8, 15, '', '0000-00-00', '2021-11-18 11:53:23', ''),
(244, 8, 3, 'R.Inf', '2021-12-27', '2021-11-18 11:53:23', '1'),
(245, 8, 4, 'IVA/PTM', '2021-12-28', '2021-11-18 11:53:23', '1'),
(246, 8, 5, 'PB', '2021-12-29', '2021-11-18 11:53:23', '1'),
(247, 8, 9, 'Mtbs/RT', '2021-12-30', '2021-11-18 11:53:23', '1'),
(248, 8, 3, 'R.Inf', '2021-12-31', '2021-11-18 11:53:23', '1'),
(249, 9, 9, 'Mtbs/RT', '2021-12-01', '2021-11-18 11:53:23', '2'),
(250, 9, 8, 'Aster', '2021-12-02', '2021-11-18 11:53:23', '2'),
(251, 9, 8, 'Aster', '2021-12-03', '2021-11-18 11:53:23', '2'),
(252, 9, 6, 'KR', '2021-12-04', '2021-11-18 11:53:23', '2'),
(253, 9, 15, '', '0000-00-00', '2021-11-18 11:53:23', ''),
(254, 9, 7, 'BDH', '2021-12-06', '2021-11-18 11:53:23', '2'),
(255, 9, 7, 'BDH', '2021-12-07', '2021-11-18 11:53:23', '2'),
(256, 9, 1, 'RPU', '2021-12-08', '2021-11-18 11:53:23', '2'),
(257, 9, 7, 'BDH', '2021-12-09', '2021-11-18 11:53:23', '2'),
(258, 9, 1, 'RPU', '2021-12-10', '2021-11-18 11:53:23', '2'),
(259, 9, 1, 'RPU', '2021-12-11', '2021-11-18 11:53:23', '2'),
(260, 9, 15, '', '0000-00-00', '2021-11-18 11:53:23', ''),
(261, 9, 4, 'IVA/PTM', '2021-12-13', '2021-11-18 11:53:23', '2'),
(262, 9, 3, 'R.Inf', '2021-12-14', '2021-11-18 11:53:23', '2'),
(263, 9, 4, 'IVA/PTM', '2021-12-15', '2021-11-18 11:53:23', '2'),
(264, 9, 7, 'BDH', '2021-12-16', '2021-11-18 11:53:23', '2'),
(265, 9, 14, 'LP', '2021-12-17', '2021-11-18 11:53:23', '2'),
(266, 9, 1, 'RPU', '2021-12-18', '2021-11-18 11:53:23', '2'),
(267, 9, 15, '', '0000-00-00', '2021-11-18 11:53:23', ''),
(268, 9, 1, 'RPU', '2021-12-20', '2021-11-18 11:53:23', '2'),
(269, 9, 1, 'RPU', '2021-12-21', '2021-11-18 11:53:23', '2'),
(270, 9, 15, '', '0000-00-00', '2021-11-18 11:53:23', ''),
(271, 9, 8, 'Aster', '2021-12-23', '2021-11-18 11:53:23', '2'),
(272, 9, 2, 'PCare RPU', '2021-12-24', '2021-11-18 11:53:23', '2'),
(273, 9, 2, 'PCare RPU', '2021-12-25', '2021-11-18 11:53:23', '2'),
(274, 9, 15, '', '0000-00-00', '2021-11-18 11:53:23', ''),
(275, 9, 11, 'SCR', '2021-12-27', '2021-11-18 11:53:23', '2'),
(276, 9, 3, 'R.Inf', '2021-12-28', '2021-11-18 11:53:23', '2'),
(277, 9, 1, 'RPU', '2021-12-29', '2021-11-18 11:53:23', '2'),
(278, 9, 9, 'Mtbs/RT', '2021-12-30', '2021-11-18 11:53:23', '2'),
(279, 9, 1, 'RPU', '2021-12-31', '2021-11-18 11:53:23', '2'),
(280, 10, 15, '', '0000-00-00', '2021-11-18 11:53:23', ''),
(281, 10, 1, 'RPU', '2021-12-02', '2021-11-18 11:53:23', '2'),
(282, 10, 7, 'BDH', '2021-12-03', '2021-11-18 11:53:23', '2'),
(283, 10, 1, 'RPU', '2021-12-04', '2021-11-18 11:53:23', '2'),
(284, 10, 15, '', '0000-00-00', '2021-11-18 11:53:23', ''),
(285, 10, 2, 'PCare RPU', '2021-12-06', '2021-11-18 11:53:23', '2'),
(286, 10, 2, 'PCare RPU', '2021-12-07', '2021-11-18 11:53:23', '2'),
(287, 10, 15, 'PKD', '2021-12-08', '2021-11-18 11:53:23', '2'),
(288, 10, 7, 'BDH', '2021-12-09', '2021-11-18 11:53:23', '2'),
(289, 10, 8, 'Aster', '2021-12-10', '2021-11-18 11:53:23', '2'),
(290, 10, 7, 'BDH', '2021-12-11', '2021-11-18 11:53:23', '2'),
(291, 10, 15, '', '0000-00-00', '2021-11-18 11:53:23', ''),
(292, 10, 2, 'PCare RPU', '2021-12-13', '2021-11-18 11:53:23', '2'),
(293, 10, 3, 'R.Inf', '2021-12-14', '2021-11-18 11:53:23', '2'),
(294, 10, 1, 'RPU', '2021-12-15', '2021-11-18 11:53:23', '2'),
(295, 10, 1, 'RPU', '2021-12-16', '2021-11-18 11:53:23', '2'),
(296, 10, 3, 'R.Inf', '2021-12-17', '2021-11-18 11:53:23', '2'),
(297, 10, 4, 'IVA/PTM', '2021-12-18', '2021-11-18 11:53:23', '2'),
(298, 10, 15, '', '0000-00-00', '2021-11-18 11:53:23', ''),
(299, 10, 12, 'KKR', '2021-12-20', '2021-11-18 11:53:23', '2'),
(300, 10, 11, 'SCR', '2021-12-21', '2021-11-18 11:53:23', '2'),
(301, 10, 2, 'PCare RPU', '2021-12-22', '2021-11-18 11:53:23', '2'),
(302, 10, 8, 'Aster', '2021-12-23', '2021-11-18 11:53:23', '2'),
(303, 10, 14, 'LP', '2021-12-24', '2021-11-18 11:53:23', '2'),
(304, 10, 7, 'BDH', '2021-12-25', '2021-11-18 11:53:23', '2'),
(305, 10, 15, '', '0000-00-00', '2021-11-18 11:53:23', ''),
(306, 10, 12, 'KKR', '2021-12-27', '2021-11-18 11:53:23', '2'),
(307, 10, 15, '', '0000-00-00', '2021-11-18 11:53:23', ''),
(308, 10, 7, 'BDH', '2021-12-29', '2021-11-18 11:53:23', '2'),
(309, 10, 3, 'R.Inf', '2021-12-30', '2021-11-18 11:53:23', '2'),
(310, 10, 3, 'R.Inf', '2021-12-31', '2021-11-18 11:53:23', '2'),
(311, 11, 15, '', '0000-00-00', '2021-11-18 11:53:23', ''),
(312, 11, 15, '', '0000-00-00', '2021-11-18 11:53:23', ''),
(313, 11, 2, 'PCare RPU', '2021-12-03', '2021-11-18 11:53:23', '2'),
(314, 11, 1, 'RPU', '2021-12-04', '2021-11-18 11:53:23', '2'),
(315, 11, 15, '', '0000-00-00', '2021-11-18 11:53:23', ''),
(316, 11, 15, '', '0000-00-00', '2021-11-18 11:53:23', ''),
(317, 11, 3, 'R.Inf', '2021-12-07', '2021-11-18 11:53:23', '2'),
(318, 11, 2, 'PCare RPU', '2021-12-08', '2021-11-18 11:53:23', '2'),
(319, 11, 2, 'PCare RPU', '2021-12-09', '2021-11-18 11:53:23', '2'),
(320, 11, 13, 'Prolanis', '2021-12-10', '2021-11-18 11:53:23', '2'),
(321, 11, 9, 'Mtbs/RT', '2021-12-11', '2021-11-18 11:53:23', '1'),
(322, 11, 15, '', '0000-00-00', '2021-11-18 11:53:23', ''),
(323, 11, 4, 'IVA/PTM', '2021-12-13', '2021-11-18 11:53:23', '2'),
(324, 11, 7, 'BDH', '2021-12-14', '2021-11-18 11:53:23', '2'),
(325, 11, 12, 'KKR', '2021-12-15', '2021-11-18 11:53:23', '2'),
(326, 11, 10, 'Surveillance', '2021-12-16', '2021-11-18 11:53:23', '2'),
(327, 11, 11, 'SCR', '2021-12-17', '2021-11-18 11:53:23', '2'),
(328, 11, 2, 'PCare RPU', '2021-12-18', '2021-11-18 11:53:23', '2'),
(329, 11, 15, '', '0000-00-00', '2021-11-18 11:53:23', ''),
(330, 11, 8, 'Aster', '2021-12-20', '2021-11-18 11:53:23', '2'),
(331, 11, 11, 'SCR', '2021-12-21', '2021-11-18 11:53:23', '2'),
(332, 11, 4, 'IVA/PTM', '2021-12-22', '2021-11-18 11:53:23', '2'),
(333, 11, 1, 'RPU', '2021-12-23', '2021-11-18 11:53:23', '2'),
(334, 11, 15, '', '0000-00-00', '2021-11-18 11:53:23', ''),
(335, 11, 3, 'R.Inf', '2021-12-25', '2021-11-18 11:53:23', '2'),
(336, 11, 15, '', '0000-00-00', '2021-11-18 11:53:23', ''),
(337, 11, 10, 'Surveillance', '2021-12-27', '2021-11-18 11:53:23', '2'),
(338, 11, 8, 'Aster', '2021-12-28', '2021-11-18 11:53:23', '2'),
(339, 11, 6, 'KR', '2021-12-29', '2021-11-18 11:53:23', '2'),
(340, 11, 1, 'RPU', '2021-12-30', '2021-11-18 11:53:23', '2'),
(341, 11, 3, 'R.Inf', '2021-12-31', '2021-11-18 11:53:23', '2'),
(342, 12, 2, 'PCare RPU', '2021-12-01', '2021-11-18 11:53:23', '1'),
(343, 12, 10, 'Surveillance', '2021-12-02', '2021-11-18 11:53:23', '3'),
(344, 12, 15, '', '0000-00-00', '2021-11-18 11:53:23', ''),
(345, 12, 12, 'KKR', '2021-12-04', '2021-11-18 11:53:23', '1'),
(346, 12, 15, '', '0000-00-00', '2021-11-18 11:53:23', ''),
(347, 12, 5, 'PB', '2021-12-06', '2021-11-18 11:53:23', '1'),
(348, 12, 5, 'PB', '2021-12-07', '2021-11-18 11:53:23', '1'),
(349, 12, 1, 'RPU', '2021-12-08', '2021-11-18 11:53:23', '1'),
(350, 12, 2, 'PCare RPU', '2021-12-09', '2021-11-18 11:53:23', '1'),
(351, 12, 3, 'R.Inf', '2021-12-10', '2021-11-18 11:53:23', '1'),
(352, 12, 2, 'PCare RPU', '2021-12-11', '2021-11-18 11:53:23', '1'),
(353, 12, 15, '', '0000-00-00', '2021-11-18 11:53:23', ''),
(354, 12, 4, 'IVA/PTM', '2021-12-13', '2021-11-18 11:53:23', '1'),
(355, 12, 3, 'R.Inf', '2021-12-14', '2021-11-18 11:53:23', '1'),
(356, 12, 5, 'PB', '2021-12-15', '2021-11-18 11:53:23', '1'),
(357, 12, 4, 'IVA/PTM', '2021-12-16', '2021-11-18 11:53:23', '1'),
(358, 12, 2, 'PCare RPU', '2021-12-17', '2021-11-18 11:53:23', '1'),
(359, 12, 1, 'RPU', '2021-12-18', '2021-11-18 11:53:23', '1'),
(360, 12, 15, '', '0000-00-00', '2021-11-18 11:53:23', ''),
(361, 12, 1, 'RPU', '2021-12-20', '2021-11-18 11:53:23', '1'),
(362, 12, 9, 'Mtbs/RT', '2021-12-21', '2021-11-18 11:53:23', '1'),
(363, 12, 15, '', '0000-00-00', '2021-11-18 11:53:23', ''),
(364, 12, 11, 'SCR', '2021-12-23', '2021-11-18 11:53:23', '1'),
(365, 12, 2, 'PCare RPU', '2021-12-24', '2021-11-18 11:53:23', '1'),
(366, 12, 7, 'BDH', '2021-12-25', '2021-11-18 11:53:23', '1'),
(367, 12, 15, '', '0000-00-00', '2021-11-18 11:53:23', ''),
(368, 12, 1, 'RPU', '2021-12-27', '2021-11-18 11:53:23', '1'),
(369, 12, 15, '', '0000-00-00', '2021-11-18 11:53:23', ''),
(370, 12, 3, 'R.Inf', '2021-12-29', '2021-11-18 11:53:23', '1'),
(371, 12, 10, 'Surveillance', '2021-12-30', '2021-11-18 11:53:23', '3'),
(372, 12, 1, 'RPU', '2021-12-31', '2021-11-18 11:53:23', '1'),
(373, 13, 15, '', '0000-00-00', '2021-11-18 11:53:23', ''),
(374, 13, 1, 'RPU', '2021-12-02', '2021-11-18 11:53:23', '1'),
(375, 13, 4, 'IVA/PTM', '2021-12-03', '2021-11-18 11:53:23', '1'),
(376, 13, 9, 'Mtbs/RT', '2021-12-04', '2021-11-18 11:53:23', '1'),
(377, 13, 15, '', '0000-00-00', '2021-11-18 11:53:23', ''),
(378, 13, 3, 'R.Inf', '2021-12-06', '2021-11-18 11:53:23', '1'),
(379, 13, 1, 'RPU', '2021-12-07', '2021-11-18 11:53:23', '1'),
(380, 13, 3, 'R.Inf', '2021-12-08', '2021-11-18 11:53:23', '1'),
(381, 13, 8, 'Aster', '2021-12-09', '2021-11-18 11:53:23', '1'),
(382, 13, 1, 'RPU', '2021-12-10', '2021-11-18 11:53:23', '1'),
(383, 13, 2, 'PCare RPU', '2021-12-11', '2021-11-18 11:53:23', '1'),
(384, 13, 15, '', '0000-00-00', '2021-11-18 11:53:23', ''),
(385, 13, 2, 'PCare RPU', '2021-12-13', '2021-11-18 11:53:23', '1'),
(386, 13, 2, 'PCare RPU', '2021-12-14', '2021-11-18 11:53:23', '1'),
(387, 13, 2, 'PCare RPU', '2021-12-15', '2021-11-18 11:53:23', '1'),
(388, 13, 6, 'KR', '2021-12-16', '2021-11-18 11:53:23', '1'),
(389, 13, 15, '', '0000-00-00', '2021-11-18 11:53:23', ''),
(390, 13, 1, 'RPU', '2021-12-18', '2021-11-18 11:53:23', '1'),
(391, 13, 15, '', '0000-00-00', '2021-11-18 11:53:23', ''),
(392, 13, 1, 'RPU', '2021-12-20', '2021-11-18 11:53:23', '1'),
(393, 13, 1, 'RPU', '2021-12-21', '2021-11-18 11:53:23', '1'),
(394, 13, 1, 'RPU', '2021-12-22', '2021-11-18 11:53:23', '1'),
(395, 13, 3, 'R.Inf', '2021-12-23', '2021-11-18 11:53:23', '1'),
(396, 13, 15, '', '0000-00-00', '2021-11-18 11:53:23', ''),
(397, 13, 1, 'RPU', '2021-12-25', '2021-11-18 11:53:23', '1'),
(398, 13, 15, '', '0000-00-00', '2021-11-18 11:53:23', ''),
(399, 13, 15, '', '0000-00-00', '2021-11-18 11:53:23', ''),
(400, 13, 2, 'PCare RPU', '2021-12-28', '2021-11-18 11:53:23', '1'),
(401, 13, 14, 'LP', '2021-12-29', '2021-11-18 11:53:23', '1'),
(402, 13, 10, 'Surveillance', '2021-12-30', '2021-11-18 11:53:23', '1'),
(403, 13, 7, 'BDH', '2021-12-31', '2021-11-18 11:53:23', '1');

-- --------------------------------------------------------

--
-- Table structure for table `penjadwalan_memetika`
--

CREATE TABLE `penjadwalan_memetika` (
  `id_penjadwalan_memetika` bigint(20) UNSIGNED NOT NULL,
  `id_pegawai` bigint(20) UNSIGNED NOT NULL,
  `id_piket` bigint(20) UNSIGNED NOT NULL,
  `kode_piket` varchar(255) COLLATE utf8mb4_unicode_ci NOT NULL,
  `tanggal_penjadwalan` date NOT NULL,
  `tanggal_pembuatan_jadwal` datetime NOT NULL,
  `nilai_fitness` varchar(255) COLLATE utf8mb4_unicode_ci NOT NULL
) ENGINE=InnoDB DEFAULT CHARSET=utf8mb4 COLLATE=utf8mb4_unicode_ci;

--
-- Dumping data for table `penjadwalan_memetika`
--

INSERT INTO `penjadwalan_memetika` (`id_penjadwalan_memetika`, `id_pegawai`, `id_piket`, `kode_piket`, `tanggal_penjadwalan`, `tanggal_pembuatan_jadwal`, `nilai_fitness`) VALUES
(830, 1, 8, 'Aster', '2021-12-01', '2021-11-18 11:53:16', '2'),
(831, 1, 10, 'Surveillance', '2021-12-02', '2021-11-18 11:53:16', '2'),
(832, 1, 3, 'R.Inf', '2021-12-03', '2021-11-18 11:53:16', '1'),
(833, 1, 15, '', '0000-00-00', '2021-11-18 11:53:16', ''),
(834, 1, 15, '', '0000-00-00', '2021-11-18 11:53:16', ''),
(835, 1, 15, '', '0000-00-00', '2021-11-18 11:53:16', ''),
(836, 1, 15, 'PKD', '2021-12-07', '2021-11-18 11:53:16', '2'),
(837, 1, 4, 'IVA/PTM', '2021-12-08', '2021-11-18 11:53:16', '2'),
(838, 1, 6, 'KR', '2021-12-09', '2021-11-18 11:53:16', '2'),
(839, 1, 5, 'PB', '2021-12-10', '2021-11-18 11:53:16', '2'),
(840, 1, 9, 'Mtbs/RT', '2021-12-11', '2021-11-18 11:53:16', '2'),
(841, 1, 15, '', '0000-00-00', '2021-11-18 11:53:16', ''),
(842, 1, 4, 'IVA/PTM', '2021-12-13', '2021-11-18 11:53:16', '2'),
(843, 1, 4, 'IVA/PTM', '2021-12-14', '2021-11-18 11:53:16', '2'),
(844, 1, 15, '', '0000-00-00', '2021-11-18 11:53:16', ''),
(845, 1, 3, 'R.Inf', '2021-12-16', '2021-11-18 11:53:16', '3'),
(846, 1, 5, 'PB', '2021-12-17', '2021-11-18 11:53:16', '2'),
(847, 1, 14, 'LP', '2021-12-18', '2021-11-18 11:53:16', '2'),
(848, 1, 15, '', '0000-00-00', '2021-11-18 11:53:16', ''),
(849, 1, 11, 'SCR', '2021-12-20', '2021-11-18 11:53:16', '2'),
(850, 1, 5, 'PB', '2021-12-21', '2021-11-18 11:53:16', '2'),
(851, 1, 10, 'Surveillance', '2021-12-22', '2021-11-18 11:53:16', '2'),
(852, 1, 15, 'PKD', '2021-12-23', '2021-11-18 11:53:16', '2'),
(853, 1, 4, 'IVA/PTM', '2021-12-24', '2021-11-18 11:53:16', '2'),
(854, 1, 15, 'PKD', '2021-12-25', '2021-11-18 11:53:16', '2'),
(855, 1, 15, '', '0000-00-00', '2021-11-18 11:53:16', ''),
(856, 1, 13, 'Prolanis', '2021-12-27', '2021-11-18 11:53:16', '1'),
(857, 1, 15, '', '0000-00-00', '2021-11-18 11:53:16', ''),
(858, 1, 1, 'RPU', '2021-12-29', '2021-11-18 11:53:16', '3'),
(859, 1, 10, 'Surveillance', '2021-12-30', '2021-11-18 11:53:16', '2'),
(860, 1, 4, 'IVA/PTM', '2021-12-31', '2021-11-18 11:53:16', '2'),
(861, 2, 8, 'Aster', '2021-12-01', '2021-11-18 11:53:16', '2'),
(862, 2, 1, 'RPU', '2021-12-02', '2021-11-18 11:53:16', '3'),
(863, 2, 9, 'Mtbs/RT', '2021-12-03', '2021-11-18 11:53:16', '2'),
(864, 2, 1, 'RPU', '2021-12-04', '2021-11-18 11:53:16', '3'),
(865, 2, 15, '', '0000-00-00', '2021-11-18 11:53:16', ''),
(866, 2, 12, 'KKR', '2021-12-06', '2021-11-18 11:53:16', '2'),
(867, 2, 1, 'RPU', '2021-12-07', '2021-11-18 11:53:16', '3'),
(868, 2, 15, '', '0000-00-00', '2021-11-18 11:53:16', ''),
(869, 2, 14, 'LP', '2021-12-09', '2021-11-18 11:53:16', '2'),
(870, 2, 15, '', '0000-00-00', '2021-11-18 11:53:16', ''),
(871, 2, 14, 'LP', '2021-12-11', '2021-11-18 11:53:16', '2'),
(872, 2, 15, '', '0000-00-00', '2021-11-18 11:53:16', ''),
(873, 2, 3, 'R.Inf', '2021-12-13', '2021-11-18 11:53:16', '3'),
(874, 2, 12, 'KKR', '2021-12-14', '2021-11-18 11:53:16', '2'),
(875, 2, 3, 'R.Inf', '2021-12-15', '2021-11-18 11:53:16', '3'),
(876, 2, 6, 'KR', '2021-12-16', '2021-11-18 11:53:16', '2'),
(877, 2, 1, 'RPU', '2021-12-17', '2021-11-18 11:53:16', '1'),
(878, 2, 1, 'RPU', '2021-12-18', '2021-11-18 11:53:16', '3'),
(879, 2, 15, '', '0000-00-00', '2021-11-18 11:53:16', ''),
(880, 2, 5, 'PB', '2021-12-20', '2021-11-18 11:53:16', '2'),
(881, 2, 7, 'BDH', '2021-12-21', '2021-11-18 11:53:16', '2'),
(882, 2, 12, 'KKR', '2021-12-22', '2021-11-18 11:53:16', '2'),
(883, 2, 1, 'RPU', '2021-12-23', '2021-11-18 11:53:16', '3'),
(884, 2, 15, 'PKD', '2021-12-24', '2021-11-18 11:53:16', '2'),
(885, 2, 11, 'SCR', '2021-12-25', '2021-11-18 11:53:16', '2'),
(886, 2, 15, '', '0000-00-00', '2021-11-18 11:53:16', ''),
(887, 2, 3, 'R.Inf', '2021-12-27', '2021-11-18 11:53:16', '3'),
(888, 2, 4, 'IVA/PTM', '2021-12-28', '2021-11-18 11:53:16', '2'),
(889, 2, 3, 'R.Inf', '2021-12-29', '2021-11-18 11:53:16', '3'),
(890, 2, 3, 'R.Inf', '2021-12-30', '2021-11-18 11:53:16', '1'),
(891, 2, 14, 'LP', '2021-12-31', '2021-11-18 11:53:16', '2'),
(892, 3, 15, '', '0000-00-00', '2021-11-18 11:53:16', ''),
(893, 3, 14, 'LP', '2021-12-02', '2021-11-18 11:53:16', '2'),
(894, 3, 1, 'RPU', '2021-12-03', '2021-11-18 11:53:16', '2'),
(895, 3, 3, 'R.Inf', '2021-12-04', '2021-11-18 11:53:16', '2'),
(896, 3, 15, '', '0000-00-00', '2021-11-18 11:53:16', ''),
(897, 3, 4, 'IVA/PTM', '2021-12-06', '2021-11-18 11:53:16', '2'),
(898, 3, 12, 'KKR', '2021-12-07', '2021-11-18 11:53:16', '2'),
(899, 3, 2, 'PCare RPU', '2021-12-08', '2021-11-18 11:53:16', '2'),
(900, 3, 15, '', '0000-00-00', '2021-11-18 11:53:16', ''),
(901, 3, 8, 'Aster', '2021-12-10', '2021-11-18 11:53:16', '2'),
(902, 3, 8, 'Aster', '2021-12-11', '2021-11-18 11:53:16', '2'),
(903, 3, 15, '', '0000-00-00', '2021-11-18 11:53:16', ''),
(904, 3, 6, 'KR', '2021-12-13', '2021-11-18 11:53:16', '2'),
(905, 3, 7, 'BDH', '2021-12-14', '2021-11-18 11:53:16', '2'),
(906, 3, 8, 'Aster', '2021-12-15', '2021-11-18 11:53:16', '2'),
(907, 3, 6, 'KR', '2021-12-16', '2021-11-18 11:53:16', '2'),
(908, 3, 4, 'IVA/PTM', '2021-12-17', '2021-11-18 11:53:16', '2'),
(909, 3, 15, '', '0000-00-00', '2021-11-18 11:53:16', ''),
(910, 3, 15, '', '0000-00-00', '2021-11-18 11:53:16', ''),
(911, 3, 13, 'Prolanis', '2021-12-20', '2021-11-18 11:53:16', '2'),
(912, 3, 12, 'KKR', '2021-12-21', '2021-11-18 11:53:16', '2'),
(913, 3, 14, 'LP', '2021-12-22', '2021-11-18 11:53:16', '2'),
(914, 3, 12, 'KKR', '2021-12-23', '2021-11-18 11:53:16', '2'),
(915, 3, 4, 'IVA/PTM', '2021-12-24', '2021-11-18 11:53:16', '2'),
(916, 3, 2, 'PCare RPU', '2021-12-25', '2021-11-18 11:53:16', '2'),
(917, 3, 15, '', '0000-00-00', '2021-11-18 11:53:16', ''),
(918, 3, 3, 'R.Inf', '2021-12-27', '2021-11-18 11:53:16', '2'),
(919, 3, 1, 'RPU', '2021-12-28', '2021-11-18 11:53:16', '2'),
(920, 3, 4, 'IVA/PTM', '2021-12-29', '2021-11-18 11:53:16', '2'),
(921, 3, 15, '', '0000-00-00', '2021-11-18 11:53:16', ''),
(922, 3, 13, 'Prolanis', '2021-12-31', '2021-11-18 11:53:16', '2'),
(923, 4, 1, 'RPU', '2021-12-01', '2021-11-18 11:53:16', '2'),
(924, 4, 8, 'Aster', '2021-12-02', '2021-11-18 11:53:16', '2'),
(925, 4, 3, 'R.Inf', '2021-12-03', '2021-11-18 11:53:16', '2'),
(926, 4, 13, 'Prolanis', '2021-12-04', '2021-11-18 11:53:16', '2'),
(927, 4, 15, '', '0000-00-00', '2021-11-18 11:53:16', ''),
(928, 4, 2, 'PCare RPU', '2021-12-06', '2021-11-18 11:53:16', '2'),
(929, 4, 15, 'PKD', '2021-12-07', '2021-11-18 11:53:16', '2'),
(930, 4, 5, 'PB', '2021-12-08', '2021-11-18 11:53:16', '1'),
(931, 4, 12, 'KKR', '2021-12-09', '2021-11-18 11:53:16', '2'),
(932, 4, 6, 'KR', '2021-12-10', '2021-11-18 11:53:16', '2'),
(933, 4, 15, 'PKD', '2021-12-11', '2021-11-18 11:53:16', '2'),
(934, 4, 15, '', '0000-00-00', '2021-11-18 11:53:16', ''),
(935, 4, 1, 'RPU', '2021-12-13', '2021-11-18 11:53:16', '2'),
(936, 4, 7, 'BDH', '2021-12-14', '2021-11-18 11:53:16', '2'),
(937, 4, 15, '', '0000-00-00', '2021-11-18 11:53:16', ''),
(938, 4, 1, 'RPU', '2021-12-16', '2021-11-18 11:53:16', '2'),
(939, 4, 13, 'Prolanis', '2021-12-17', '2021-11-18 11:53:16', '2'),
(940, 4, 14, 'LP', '2021-12-18', '2021-11-18 11:53:16', '2'),
(941, 4, 15, '', '0000-00-00', '2021-11-18 11:53:16', ''),
(942, 4, 4, 'IVA/PTM', '2021-12-20', '2021-11-18 11:53:16', '2'),
(943, 4, 11, 'SCR', '2021-12-21', '2021-11-18 11:53:16', '2'),
(944, 4, 11, 'SCR', '2021-12-22', '2021-11-18 11:53:16', '2'),
(945, 4, 5, 'PB', '2021-12-23', '2021-11-18 11:53:16', '1'),
(946, 4, 4, 'IVA/PTM', '2021-12-24', '2021-11-18 11:53:16', '2'),
(947, 4, 11, 'SCR', '2021-12-25', '2021-11-18 11:53:16', '2'),
(948, 4, 15, '', '0000-00-00', '2021-11-18 11:53:16', ''),
(949, 4, 15, '', '0000-00-00', '2021-11-18 11:53:16', ''),
(950, 4, 8, 'Aster', '2021-12-28', '2021-11-18 11:53:16', '2'),
(951, 4, 7, 'BDH', '2021-12-29', '2021-11-18 11:53:16', '2'),
(952, 4, 3, 'R.Inf', '2021-12-30', '2021-11-18 11:53:16', '2'),
(953, 4, 1, 'RPU', '2021-12-31', '2021-11-18 11:53:16', '2'),
(954, 5, 13, 'Prolanis', '2021-12-01', '2021-11-18 11:53:16', '2'),
(955, 5, 2, 'PCare RPU', '2021-12-02', '2021-11-18 11:53:16', '2'),
(956, 5, 11, 'SCR', '2021-12-03', '2021-11-18 11:53:16', '2'),
(957, 5, 12, 'KKR', '2021-12-04', '2021-11-18 11:53:16', '2'),
(958, 5, 15, '', '0000-00-00', '2021-11-18 11:53:16', ''),
(959, 5, 9, 'Mtbs/RT', '2021-12-06', '2021-11-18 11:53:16', '2'),
(960, 5, 15, 'PKD', '2021-12-07', '2021-11-18 11:53:16', '2'),
(961, 5, 10, 'Surveillance', '2021-12-08', '2021-11-18 11:53:16', '2'),
(962, 5, 14, 'LP', '2021-12-09', '2021-11-18 11:53:16', '2'),
(963, 5, 2, 'PCare RPU', '2021-12-10', '2021-11-18 11:53:16', '2'),
(964, 5, 6, 'KR', '2021-12-11', '2021-11-18 11:53:16', '2'),
(965, 5, 15, '', '0000-00-00', '2021-11-18 11:53:16', ''),
(966, 5, 4, 'IVA/PTM', '2021-12-13', '2021-11-18 11:53:16', '2'),
(967, 5, 8, 'Aster', '2021-12-14', '2021-11-18 11:53:16', '2'),
(968, 5, 2, 'PCare RPU', '2021-12-15', '2021-11-18 11:53:16', '2'),
(969, 5, 9, 'Mtbs/RT', '2021-12-16', '2021-11-18 11:53:16', '2'),
(970, 5, 12, 'KKR', '2021-12-17', '2021-11-18 11:53:16', '2'),
(971, 5, 4, 'IVA/PTM', '2021-12-18', '2021-11-18 11:53:16', '2'),
(972, 5, 15, '', '0000-00-00', '2021-11-18 11:53:16', ''),
(973, 5, 6, 'KR', '2021-12-20', '2021-11-18 11:53:16', '2'),
(974, 5, 3, 'R.Inf', '2021-12-21', '2021-11-18 11:53:16', '2'),
(975, 5, 15, '', '0000-00-00', '2021-11-18 11:53:16', ''),
(976, 5, 7, 'BDH', '2021-12-23', '2021-11-18 11:53:16', '2'),
(977, 5, 1, 'RPU', '2021-12-24', '2021-11-18 11:53:16', '2'),
(978, 5, 6, 'KR', '2021-12-25', '2021-11-18 11:53:16', '2'),
(979, 5, 15, '', '0000-00-00', '2021-11-18 11:53:16', ''),
(980, 5, 13, 'Prolanis', '2021-12-27', '2021-11-18 11:53:16', '2'),
(981, 5, 1, 'RPU', '2021-12-28', '2021-11-18 11:53:16', '2'),
(982, 5, 10, 'Surveillance', '2021-12-29', '2021-11-18 11:53:16', '2'),
(983, 5, 1, 'RPU', '2021-12-30', '2021-11-18 11:53:16', '2'),
(984, 5, 15, '', '0000-00-00', '2021-11-18 11:53:16', ''),
(985, 6, 10, 'Surveillance', '2021-12-01', '2021-11-18 11:53:16', '2'),
(986, 6, 5, 'PB', '2021-12-02', '2021-11-18 11:53:16', '2'),
(987, 6, 1, 'RPU', '2021-12-03', '2021-11-18 11:53:16', '2'),
(988, 6, 15, 'PKD', '2021-12-04', '2021-11-18 11:53:16', '2'),
(989, 6, 15, '', '0000-00-00', '2021-11-18 11:53:16', ''),
(990, 6, 6, 'KR', '2021-12-06', '2021-11-18 11:53:16', '2'),
(991, 6, 8, 'Aster', '2021-12-07', '2021-11-18 11:53:16', '2'),
(992, 6, 4, 'IVA/PTM', '2021-12-08', '2021-11-18 11:53:16', '2'),
(993, 6, 6, 'KR', '2021-12-09', '2021-11-18 11:53:16', '2'),
(994, 6, 5, 'PB', '2021-12-10', '2021-11-18 11:53:16', '2'),
(995, 6, 2, 'PCare RPU', '2021-12-11', '2021-11-18 11:53:16', '2'),
(996, 6, 15, '', '0000-00-00', '2021-11-18 11:53:16', ''),
(997, 6, 3, 'R.Inf', '2021-12-13', '2021-11-18 11:53:16', '3'),
(998, 6, 10, 'Surveillance', '2021-12-14', '2021-11-18 11:53:16', '2'),
(999, 6, 8, 'Aster', '2021-12-15', '2021-11-18 11:53:16', '2'),
(1000, 6, 13, 'Prolanis', '2021-12-16', '2021-11-18 11:53:16', '2'),
(1001, 6, 11, 'SCR', '2021-12-17', '2021-11-18 11:53:16', '2'),
(1002, 6, 14, 'LP', '2021-12-18', '2021-11-18 11:53:16', '2'),
(1003, 6, 15, '', '0000-00-00', '2021-11-18 11:53:16', ''),
(1004, 6, 8, 'Aster', '2021-12-20', '2021-11-18 11:53:16', '2'),
(1005, 6, 14, 'LP', '2021-12-21', '2021-11-18 11:53:16', '2'),
(1006, 6, 1, 'RPU', '2021-12-22', '2021-11-18 11:53:16', '2'),
(1007, 6, 15, 'PKD', '2021-12-23', '2021-11-18 11:53:16', '2'),
(1008, 6, 15, '', '0000-00-00', '2021-11-18 11:53:16', ''),
(1009, 6, 7, 'BDH', '2021-12-25', '2021-11-18 11:53:16', '2'),
(1010, 6, 15, '', '0000-00-00', '2021-11-18 11:53:16', ''),
(1011, 6, 15, '', '0000-00-00', '2021-11-18 11:53:16', ''),
(1012, 6, 14, 'LP', '2021-12-28', '2021-11-18 11:53:16', '2'),
(1013, 6, 15, '', '0000-00-00', '2021-11-18 11:53:16', ''),
(1014, 6, 15, '', '0000-00-00', '2021-11-18 11:53:16', ''),
(1015, 6, 13, 'Prolanis', '2021-12-31', '2021-11-18 11:53:16', '2'),
(1016, 7, 5, 'PB', '2021-12-01', '2021-11-18 11:53:16', '2'),
(1017, 7, 15, '', '0000-00-00', '2021-11-18 11:53:16', ''),
(1018, 7, 11, 'SCR', '2021-12-03', '2021-11-18 11:53:16', '2'),
(1019, 7, 13, 'Prolanis', '2021-12-04', '2021-11-18 11:53:16', '2'),
(1020, 7, 15, '', '0000-00-00', '2021-11-18 11:53:16', ''),
(1021, 7, 15, 'PKD', '2021-12-06', '2021-11-18 11:53:16', '2'),
(1022, 7, 12, 'KKR', '2021-12-07', '2021-11-18 11:53:16', '2'),
(1023, 7, 15, 'PKD', '2021-12-08', '2021-11-18 11:53:16', '2'),
(1024, 7, 14, 'LP', '2021-12-09', '2021-11-18 11:53:16', '2'),
(1025, 7, 7, 'BDH', '2021-12-10', '2021-11-18 11:53:16', '1'),
(1026, 7, 6, 'KR', '2021-12-11', '2021-11-18 11:53:16', '2'),
(1027, 7, 15, '', '0000-00-00', '2021-11-18 11:53:16', ''),
(1028, 7, 6, 'KR', '2021-12-13', '2021-11-18 11:53:16', '2'),
(1029, 7, 8, 'Aster', '2021-12-14', '2021-11-18 11:53:16', '2'),
(1030, 7, 11, 'SCR', '2021-12-15', '2021-11-18 11:53:16', '2'),
(1031, 7, 3, 'R.Inf', '2021-12-16', '2021-11-18 11:53:16', '2'),
(1032, 7, 15, 'PKD', '2021-12-17', '2021-11-18 11:53:16', '2'),
(1033, 7, 9, 'Mtbs/RT', '2021-12-18', '2021-11-18 11:53:16', '2'),
(1034, 7, 15, '', '0000-00-00', '2021-11-18 11:53:16', ''),
(1035, 7, 12, 'KKR', '2021-12-20', '2021-11-18 11:53:16', '2'),
(1036, 7, 9, 'Mtbs/RT', '2021-12-21', '2021-11-18 11:53:16', '2'),
(1037, 7, 11, 'SCR', '2021-12-22', '2021-11-18 11:53:16', '2'),
(1038, 7, 12, 'KKR', '2021-12-23', '2021-11-18 11:53:16', '2'),
(1039, 7, 15, '', '0000-00-00', '2021-11-18 11:53:16', ''),
(1040, 7, 9, 'Mtbs/RT', '2021-12-25', '2021-11-18 11:53:16', '2'),
(1041, 7, 15, '', '0000-00-00', '2021-11-18 11:53:16', ''),
(1042, 7, 5, 'PB', '2021-12-27', '2021-11-18 11:53:16', '2'),
(1043, 7, 11, 'SCR', '2021-12-28', '2021-11-18 11:53:16', '2'),
(1044, 7, 9, 'Mtbs/RT', '2021-12-29', '2021-11-18 11:53:16', '2'),
(1045, 7, 6, 'KR', '2021-12-30', '2021-11-18 11:53:16', '2'),
(1046, 7, 1, 'RPU', '2021-12-31', '2021-11-18 11:53:16', '2'),
(1047, 8, 15, 'PKD', '2021-12-01', '2021-11-18 11:53:16', '3'),
(1048, 8, 15, 'PKD', '2021-12-02', '2021-11-18 11:53:16', '3'),
(1049, 8, 11, 'SCR', '2021-12-03', '2021-11-18 11:53:16', '1'),
(1050, 8, 15, 'PKD', '2021-12-04', '2021-11-18 11:53:16', '3'),
(1051, 8, 15, '', '0000-00-00', '2021-11-18 11:53:16', ''),
(1052, 8, 15, 'PKD', '2021-12-06', '2021-11-18 11:53:16', '3'),
(1053, 8, 2, 'PCare RPU', '2021-12-07', '2021-11-18 11:53:16', '1'),
(1054, 8, 15, '', '0000-00-00', '2021-11-18 11:53:16', ''),
(1055, 8, 7, 'BDH', '2021-12-09', '2021-11-18 11:53:16', '1'),
(1056, 8, 1, 'RPU', '2021-12-10', '2021-11-18 11:53:16', '1'),
(1057, 8, 12, 'KKR', '2021-12-11', '2021-11-18 11:53:16', '1'),
(1058, 8, 15, '', '0000-00-00', '2021-11-18 11:53:16', ''),
(1059, 8, 15, 'PKD', '2021-12-13', '2021-11-18 11:53:16', '3'),
(1060, 8, 3, 'R.Inf', '2021-12-14', '2021-11-18 11:53:16', '1'),
(1061, 8, 3, 'R.Inf', '2021-12-15', '2021-11-18 11:53:16', '1'),
(1062, 8, 15, 'PKD', '2021-12-16', '2021-11-18 11:53:16', '3'),
(1063, 8, 1, 'RPU', '2021-12-17', '2021-11-18 11:53:16', '1'),
(1064, 8, 11, 'SCR', '2021-12-18', '2021-11-18 11:53:16', '1'),
(1065, 8, 15, '', '0000-00-00', '2021-11-18 11:53:16', ''),
(1066, 8, 15, 'PKD', '2021-12-20', '2021-11-18 11:53:16', '3'),
(1067, 8, 9, 'Mtbs/RT', '2021-12-21', '2021-11-18 11:53:16', '1'),
(1068, 8, 6, 'KR', '2021-12-22', '2021-11-18 11:53:16', '1'),
(1069, 8, 15, 'PKD', '2021-12-23', '2021-11-18 11:53:16', '3'),
(1070, 8, 13, 'Prolanis', '2021-12-24', '2021-11-18 11:53:16', '3'),
(1071, 8, 7, 'BDH', '2021-12-25', '2021-11-18 11:53:16', '1'),
(1072, 8, 15, '', '0000-00-00', '2021-11-18 11:53:16', ''),
(1073, 8, 15, '', '0000-00-00', '2021-11-18 11:53:16', ''),
(1074, 8, 1, 'RPU', '2021-12-28', '2021-11-18 11:53:16', '1'),
(1075, 8, 15, 'PKD', '2021-12-29', '2021-11-18 11:53:16', '3'),
(1076, 8, 15, 'PKD', '2021-12-30', '2021-11-18 11:53:16', '3'),
(1077, 8, 2, 'PCare RPU', '2021-12-31', '2021-11-18 11:53:16', '1'),
(1078, 9, 1, 'RPU', '2021-12-01', '2021-11-18 11:53:16', '2'),
(1079, 9, 10, 'Surveillance', '2021-12-02', '2021-11-18 11:53:16', '2'),
(1080, 9, 15, 'PKD', '2021-12-03', '2021-11-18 11:53:16', '2'),
(1081, 9, 15, 'PKD', '2021-12-04', '2021-11-18 11:53:16', '2'),
(1082, 9, 15, '', '0000-00-00', '2021-11-18 11:53:16', ''),
(1083, 9, 6, 'KR', '2021-12-06', '2021-11-18 11:53:16', '2'),
(1084, 9, 11, 'SCR', '2021-12-07', '2021-11-18 11:53:16', '2'),
(1085, 9, 3, 'R.Inf', '2021-12-08', '2021-11-18 11:53:16', '2'),
(1086, 9, 3, 'R.Inf', '2021-12-09', '2021-11-18 11:53:16', '2'),
(1087, 9, 10, 'Surveillance', '2021-12-10', '2021-11-18 11:53:16', '2'),
(1088, 9, 10, 'Surveillance', '2021-12-11', '2021-11-18 11:53:16', '2'),
(1089, 9, 15, '', '0000-00-00', '2021-11-18 11:53:16', ''),
(1090, 9, 14, 'LP', '2021-12-13', '2021-11-18 11:53:16', '2'),
(1091, 9, 8, 'Aster', '2021-12-14', '2021-11-18 11:53:16', '2'),
(1092, 9, 13, 'Prolanis', '2021-12-15', '2021-11-18 11:53:16', '2'),
(1093, 9, 2, 'PCare RPU', '2021-12-16', '2021-11-18 11:53:16', '2'),
(1094, 9, 8, 'Aster', '2021-12-17', '2021-11-18 11:53:16', '2'),
(1095, 9, 11, 'SCR', '2021-12-18', '2021-11-18 11:53:16', '2'),
(1096, 9, 15, '', '0000-00-00', '2021-11-18 11:53:16', ''),
(1097, 9, 9, 'Mtbs/RT', '2021-12-20', '2021-11-18 11:53:16', '2'),
(1098, 9, 12, 'KKR', '2021-12-21', '2021-11-18 11:53:16', '2'),
(1099, 9, 3, 'R.Inf', '2021-12-22', '2021-11-18 11:53:16', '2'),
(1100, 9, 9, 'Mtbs/RT', '2021-12-23', '2021-11-18 11:53:16', '2'),
(1101, 9, 10, 'Surveillance', '2021-12-24', '2021-11-18 11:53:16', '2'),
(1102, 9, 15, 'PKD', '2021-12-25', '2021-11-18 11:53:16', '2'),
(1103, 9, 15, '', '0000-00-00', '2021-11-18 11:53:16', ''),
(1104, 9, 15, '', '0000-00-00', '2021-11-18 11:53:16', ''),
(1105, 9, 6, 'KR', '2021-12-28', '2021-11-18 11:53:16', '2'),
(1106, 9, 13, 'Prolanis', '2021-12-29', '2021-11-18 11:53:16', '2'),
(1107, 9, 15, 'PKD', '2021-12-30', '2021-11-18 11:53:16', '2'),
(1108, 9, 3, 'R.Inf', '2021-12-31', '2021-11-18 11:53:16', '2'),
(1109, 10, 1, 'RPU', '2021-12-01', '2021-11-18 11:53:16', '2'),
(1110, 10, 1, 'RPU', '2021-12-02', '2021-11-18 11:53:16', '2'),
(1111, 10, 2, 'PCare RPU', '2021-12-03', '2021-11-18 11:53:16', '2'),
(1112, 10, 15, '', '0000-00-00', '2021-11-18 11:53:16', ''),
(1113, 10, 15, '', '0000-00-00', '2021-11-18 11:53:16', ''),
(1114, 10, 15, '', '0000-00-00', '2021-11-18 11:53:16', ''),
(1115, 10, 3, 'R.Inf', '2021-12-07', '2021-11-18 11:53:16', '2'),
(1116, 10, 3, 'R.Inf', '2021-12-08', '2021-11-18 11:53:16', '2'),
(1117, 10, 11, 'SCR', '2021-12-09', '2021-11-18 11:53:16', '2'),
(1118, 10, 6, 'KR', '2021-12-10', '2021-11-18 11:53:16', '2'),
(1119, 10, 7, 'BDH', '2021-12-11', '2021-11-18 11:53:16', '2'),
(1120, 10, 15, '', '0000-00-00', '2021-11-18 11:53:16', ''),
(1121, 10, 4, 'IVA/PTM', '2021-12-13', '2021-11-18 11:53:16', '2'),
(1122, 10, 5, 'PB', '2021-12-14', '2021-11-18 11:53:16', '1'),
(1123, 10, 4, 'IVA/PTM', '2021-12-15', '2021-11-18 11:53:16', '2'),
(1124, 10, 15, '', '0000-00-00', '2021-11-18 11:53:16', ''),
(1125, 10, 5, 'PB', '2021-12-17', '2021-11-18 11:53:16', '1'),
(1126, 10, 4, 'IVA/PTM', '2021-12-18', '2021-11-18 11:53:16', '2'),
(1127, 10, 15, '', '0000-00-00', '2021-11-18 11:53:16', ''),
(1128, 10, 14, 'LP', '2021-12-20', '2021-11-18 11:53:16', '2'),
(1129, 10, 9, 'Mtbs/RT', '2021-12-21', '2021-11-18 11:53:16', '2'),
(1130, 10, 2, 'PCare RPU', '2021-12-22', '2021-11-18 11:53:16', '2'),
(1131, 10, 12, 'KKR', '2021-12-23', '2021-11-18 11:53:16', '2'),
(1132, 10, 8, 'Aster', '2021-12-24', '2021-11-18 11:53:16', '2'),
(1133, 10, 6, 'KR', '2021-12-25', '2021-11-18 11:53:16', '2'),
(1134, 10, 15, '', '0000-00-00', '2021-11-18 11:53:16', ''),
(1135, 10, 11, 'SCR', '2021-12-27', '2021-11-18 11:53:16', '2'),
(1136, 10, 11, 'SCR', '2021-12-28', '2021-11-18 11:53:16', '2'),
(1137, 10, 8, 'Aster', '2021-12-29', '2021-11-18 11:53:16', '2'),
(1138, 10, 15, '', '0000-00-00', '2021-11-18 11:53:16', ''),
(1139, 10, 15, 'PKD', '2021-12-31', '2021-11-18 11:53:16', '2'),
(1140, 11, 13, 'Prolanis', '2021-12-01', '2021-11-18 11:53:16', '2'),
(1141, 11, 2, 'PCare RPU', '2021-12-02', '2021-11-18 11:53:16', '2'),
(1142, 11, 7, 'BDH', '2021-12-03', '2021-11-18 11:53:16', '2'),
(1143, 11, 15, '', '0000-00-00', '2021-11-18 11:53:16', ''),
(1144, 11, 15, '', '0000-00-00', '2021-11-18 11:53:16', ''),
(1145, 11, 10, 'Surveillance', '2021-12-06', '2021-11-18 11:53:16', '2'),
(1146, 11, 2, 'PCare RPU', '2021-12-07', '2021-11-18 11:53:16', '2'),
(1147, 11, 11, 'SCR', '2021-12-08', '2021-11-18 11:53:16', '2'),
(1148, 11, 7, 'BDH', '2021-12-09', '2021-11-18 11:53:16', '2'),
(1149, 11, 14, 'LP', '2021-12-10', '2021-11-18 11:53:16', '2'),
(1150, 11, 7, 'BDH', '2021-12-11', '2021-11-18 11:53:16', '2'),
(1151, 11, 15, '', '0000-00-00', '2021-11-18 11:53:16', ''),
(1152, 11, 5, 'PB', '2021-12-13', '2021-11-18 11:53:16', '2'),
(1153, 11, 11, 'SCR', '2021-12-14', '2021-11-18 11:53:16', '2'),
(1154, 11, 2, 'PCare RPU', '2021-12-15', '2021-11-18 11:53:16', '2'),
(1155, 11, 7, 'BDH', '2021-12-16', '2021-11-18 11:53:16', '2'),
(1156, 11, 5, 'PB', '2021-12-17', '2021-11-18 11:53:16', '2'),
(1157, 11, 12, 'KKR', '2021-12-18', '2021-11-18 11:53:16', '2'),
(1158, 11, 15, '', '0000-00-00', '2021-11-18 11:53:16', ''),
(1159, 11, 5, 'PB', '2021-12-20', '2021-11-18 11:53:16', '2'),
(1160, 11, 12, 'KKR', '2021-12-21', '2021-11-18 11:53:16', '2'),
(1161, 11, 10, 'Surveillance', '2021-12-22', '2021-11-18 11:53:16', '2'),
(1162, 11, 5, 'PB', '2021-12-23', '2021-11-18 11:53:16', '2'),
(1163, 11, 11, 'SCR', '2021-12-24', '2021-11-18 11:53:16', '2'),
(1164, 11, 5, 'PB', '2021-12-25', '2021-11-18 11:53:16', '2'),
(1165, 11, 15, '', '0000-00-00', '2021-11-18 11:53:16', ''),
(1166, 11, 1, 'RPU', '2021-12-27', '2021-11-18 11:53:16', '2'),
(1167, 11, 5, 'PB', '2021-12-28', '2021-11-18 11:53:16', '2'),
(1168, 11, 4, 'IVA/PTM', '2021-12-29', '2021-11-18 11:53:16', '2'),
(1169, 11, 12, 'KKR', '2021-12-30', '2021-11-18 11:53:16', '2'),
(1170, 11, 7, 'BDH', '2021-12-31', '2021-11-18 11:53:16', '2'),
(1171, 12, 9, 'Mtbs/RT', '2021-12-01', '2021-11-18 11:53:16', '1'),
(1172, 12, 6, 'KR', '2021-12-02', '2021-11-18 11:53:16', '1'),
(1173, 12, 8, 'Aster', '2021-12-03', '2021-11-18 11:53:16', '1'),
(1174, 12, 15, 'PKD', '2021-12-04', '2021-11-18 11:53:16', '1'),
(1175, 12, 15, '', '0000-00-00', '2021-11-18 11:53:16', ''),
(1176, 12, 7, 'BDH', '2021-12-06', '2021-11-18 11:53:16', '1'),
(1177, 12, 5, 'PB', '2021-12-07', '2021-11-18 11:53:16', '1'),
(1178, 12, 4, 'IVA/PTM', '2021-12-08', '2021-11-18 11:53:16', '1'),
(1179, 12, 2, 'PCare RPU', '2021-12-09', '2021-11-18 11:53:16', '1'),
(1180, 12, 5, 'PB', '2021-12-10', '2021-11-18 11:53:16', '1'),
(1181, 12, 10, 'Surveillance', '2021-12-11', '2021-11-18 11:53:16', '3'),
(1182, 12, 15, '', '0000-00-00', '2021-11-18 11:53:16', ''),
(1183, 12, 11, 'SCR', '2021-12-13', '2021-11-18 11:53:16', '1'),
(1184, 12, 2, 'PCare RPU', '2021-12-14', '2021-11-18 11:53:16', '1'),
(1185, 12, 10, 'Surveillance', '2021-12-15', '2021-11-18 11:53:16', '3'),
(1186, 12, 4, 'IVA/PTM', '2021-12-16', '2021-11-18 11:53:16', '1'),
(1187, 12, 10, 'Surveillance', '2021-12-17', '2021-11-18 11:53:16', '3'),
(1188, 12, 15, 'PKD', '2021-12-18', '2021-11-18 11:53:16', '1'),
(1189, 12, 15, '', '0000-00-00', '2021-11-18 11:53:16', ''),
(1190, 12, 11, 'SCR', '2021-12-20', '2021-11-18 11:53:16', '1'),
(1191, 12, 4, 'IVA/PTM', '2021-12-21', '2021-11-18 11:53:16', '1'),
(1192, 12, 9, 'Mtbs/RT', '2021-12-22', '2021-11-18 11:53:16', '1'),
(1193, 12, 13, 'Prolanis', '2021-12-23', '2021-11-18 11:53:16', '1'),
(1194, 12, 10, 'Surveillance', '2021-12-24', '2021-11-18 11:53:16', '3'),
(1195, 12, 3, 'R.Inf', '2021-12-25', '2021-11-18 11:53:16', '1'),
(1196, 12, 15, '', '0000-00-00', '2021-11-18 11:53:16', ''),
(1197, 12, 3, 'R.Inf', '2021-12-27', '2021-11-18 11:53:16', '1'),
(1198, 12, 14, 'LP', '2021-12-28', '2021-11-18 11:53:16', '1'),
(1199, 12, 11, 'SCR', '2021-12-29', '2021-11-18 11:53:16', '1'),
(1200, 12, 4, 'IVA/PTM', '2021-12-30', '2021-11-18 11:53:16', '1'),
(1201, 12, 11, 'SCR', '2021-12-31', '2021-11-18 11:53:16', '1'),
(1202, 13, 2, 'PCare RPU', '2021-12-01', '2021-11-18 11:53:16', '1'),
(1203, 13, 4, 'IVA/PTM', '2021-12-02', '2021-11-18 11:53:16', '1'),
(1204, 13, 2, 'PCare RPU', '2021-12-03', '2021-11-18 11:53:16', '1'),
(1205, 13, 13, 'Prolanis', '2021-12-04', '2021-11-18 11:53:16', '1'),
(1206, 13, 15, '', '0000-00-00', '2021-11-18 11:53:16', ''),
(1207, 13, 12, 'KKR', '2021-12-06', '2021-11-18 11:53:16', '1'),
(1208, 13, 6, 'KR', '2021-12-07', '2021-11-18 11:53:16', '1'),
(1209, 13, 15, 'PKD', '2021-12-08', '2021-11-18 11:53:16', '1'),
(1210, 13, 1, 'RPU', '2021-12-09', '2021-11-18 11:53:16', '1'),
(1211, 13, 11, 'SCR', '2021-12-10', '2021-11-18 11:53:16', '1'),
(1212, 13, 2, 'PCare RPU', '2021-12-11', '2021-11-18 11:53:16', '1'),
(1213, 13, 15, '', '0000-00-00', '2021-11-18 11:53:16', ''),
(1214, 13, 14, 'LP', '2021-12-13', '2021-11-18 11:53:16', '1'),
(1215, 13, 6, 'KR', '2021-12-14', '2021-11-18 11:53:16', '1'),
(1216, 13, 12, 'KKR', '2021-12-15', '2021-11-18 11:53:16', '1'),
(1217, 13, 12, 'KKR', '2021-12-16', '2021-11-18 11:53:16', '1'),
(1218, 13, 8, 'Aster', '2021-12-17', '2021-11-18 11:53:16', '1'),
(1219, 13, 4, 'IVA/PTM', '2021-12-18', '2021-11-18 11:53:16', '1'),
(1220, 13, 15, '', '0000-00-00', '2021-11-18 11:53:16', ''),
(1221, 13, 10, 'Surveillance', '2021-12-20', '2021-11-18 11:53:16', '1'),
(1222, 13, 13, 'Prolanis', '2021-12-21', '2021-11-18 11:53:16', '1'),
(1223, 13, 9, 'Mtbs/RT', '2021-12-22', '2021-11-18 11:53:16', '1'),
(1224, 13, 4, 'IVA/PTM', '2021-12-23', '2021-11-18 11:53:16', '1'),
(1225, 13, 2, 'PCare RPU', '2021-12-24', '2021-11-18 11:53:16', '1'),
(1226, 13, 3, 'R.Inf', '2021-12-25', '2021-11-18 11:53:16', '1'),
(1227, 13, 15, '', '0000-00-00', '2021-11-18 11:53:16', ''),
(1228, 13, 11, 'SCR', '2021-12-27', '2021-11-18 11:53:16', '1'),
(1229, 13, 12, 'KKR', '2021-12-28', '2021-11-18 11:53:16', '1'),
(1230, 13, 15, 'PKD', '2021-12-29', '2021-11-18 11:53:16', '1'),
(1231, 13, 2, 'PCare RPU', '2021-12-30', '2021-11-18 11:53:16', '1'),
(1232, 13, 15, '', '0000-00-00', '2021-11-18 11:53:16', '');

-- --------------------------------------------------------

--
-- Table structure for table `penjadwalan_neuro_fuzzy`
--

CREATE TABLE `penjadwalan_neuro_fuzzy` (
  `id_penjadwalan_neuro_fuzzy` bigint(20) UNSIGNED NOT NULL,
  `id_pegawai` bigint(20) UNSIGNED NOT NULL,
  `id_piket` bigint(20) UNSIGNED NOT NULL,
  `kode_piket` varchar(255) COLLATE utf8mb4_unicode_ci NOT NULL,
  `tanggal_penjadwalan` date NOT NULL,
  `tanggal_pembuatan_jadwal` datetime NOT NULL,
  `nilai_fitness` varchar(255) COLLATE utf8mb4_unicode_ci NOT NULL
) ENGINE=InnoDB DEFAULT CHARSET=utf8mb4 COLLATE=utf8mb4_unicode_ci;

-- --------------------------------------------------------

--
-- Table structure for table `pikets`
--

CREATE TABLE `pikets` (
  `id_piket` bigint(20) UNSIGNED NOT NULL,
  `kode_piket` varchar(255) COLLATE utf8mb4_unicode_ci NOT NULL,
  `nama_piket` varchar(255) COLLATE utf8mb4_unicode_ci NOT NULL
) ENGINE=InnoDB DEFAULT CHARSET=utf8mb4 COLLATE=utf8mb4_unicode_ci;

--
-- Dumping data for table `pikets`
--

INSERT INTO `pikets` (`id_piket`, `kode_piket`, `nama_piket`) VALUES
(1, 'RPU', 'Ruang Pelayanan Umum'),
(2, 'PCare RPU', 'PCare RPU Ruang Infeksius'),
(3, 'R.Inf', 'Ruang Infeksius'),
(4, 'IVA/PTM', 'Screening IVA/PTM/USPRO'),
(5, 'PB', 'PosBindu'),
(6, 'KR', 'Kunjungan Rumah'),
(7, 'BDH', 'Bendahara'),
(8, 'Aster', 'Klinik Aster'),
(9, 'Mtbs/RT', 'Manajemen Tata Laksana Balita Sakit - Ruang Tindakan'),
(10, 'Surveillance', 'Surveillance'),
(11, 'SCR', 'Screening'),
(12, 'KKR', 'Kader Kesehatan Remaja'),
(13, 'Prolanis', 'Program Pengelolaan Penyakit Kronis'),
(14, 'LP', 'Rumah Tahanan'),
(15, 'PKD', 'PKD');

-- --------------------------------------------------------

--
-- Table structure for table `status_jadwal_piket`
--

CREATE TABLE `status_jadwal_piket` (
  `id` bigint(20) UNSIGNED NOT NULL,
  `created_at` timestamp NULL DEFAULT NULL,
  `updated_at` timestamp NULL DEFAULT NULL
) ENGINE=InnoDB DEFAULT CHARSET=utf8mb4 COLLATE=utf8mb4_unicode_ci;

-- --------------------------------------------------------

--
-- Table structure for table `users`
--

CREATE TABLE `users` (
  `id` bigint(20) UNSIGNED NOT NULL,
  `name` varchar(255) COLLATE utf8mb4_unicode_ci NOT NULL,
  `email` varchar(255) COLLATE utf8mb4_unicode_ci NOT NULL,
  `email_verified_at` timestamp NULL DEFAULT NULL,
  `password` varchar(255) COLLATE utf8mb4_unicode_ci NOT NULL,
  `remember_token` varchar(100) COLLATE utf8mb4_unicode_ci DEFAULT NULL,
  `created_at` timestamp NULL DEFAULT NULL,
  `updated_at` timestamp NULL DEFAULT NULL
) ENGINE=InnoDB DEFAULT CHARSET=utf8mb4 COLLATE=utf8mb4_unicode_ci;

--
-- Indexes for dumped tables
--

--
-- Indexes for table `failed_jobs`
--
ALTER TABLE `failed_jobs`
  ADD PRIMARY KEY (`id`),
  ADD UNIQUE KEY `failed_jobs_uuid_unique` (`uuid`);

--
-- Indexes for table `jabatans`
--
ALTER TABLE `jabatans`
  ADD PRIMARY KEY (`id_jabatan`);

--
-- Indexes for table `jenis_kelamins`
--
ALTER TABLE `jenis_kelamins`
  ADD PRIMARY KEY (`id_jenis_kelamin`);

--
-- Indexes for table `migrations`
--
ALTER TABLE `migrations`
  ADD PRIMARY KEY (`id`);

--
-- Indexes for table `password_resets`
--
ALTER TABLE `password_resets`
  ADD KEY `password_resets_email_index` (`email`);

--
-- Indexes for table `pegawais`
--
ALTER TABLE `pegawais`
  ADD PRIMARY KEY (`id_pegawai`),
  ADD KEY `pegawais_id_jenis_kelamin_foreign` (`id_jenis_kelamin`),
  ADD KEY `pegawais_id_jabatan_foreign` (`id_jabatan`);

--
-- Indexes for table `penjadwalans`
--
ALTER TABLE `penjadwalans`
  ADD PRIMARY KEY (`id_penjadwalans`),
  ADD KEY `penjadwalans_id_pegawai_foreign` (`id_pegawai`),
  ADD KEY `penjadwalans_id_piket_foreign` (`id_piket`);

--
-- Indexes for table `penjadwalan_genetikas`
--
ALTER TABLE `penjadwalan_genetikas`
  ADD PRIMARY KEY (`id_penjadwalan_genetikas`),
  ADD KEY `penjadwalan_genetikas_id_pegawai_foreign` (`id_pegawai`),
  ADD KEY `penjadwalan_genetikas_id_piket_foreign` (`id_piket`);

--
-- Indexes for table `penjadwalan_memetika`
--
ALTER TABLE `penjadwalan_memetika`
  ADD PRIMARY KEY (`id_penjadwalan_memetika`),
  ADD KEY `penjadwalan_memetika_id_pegawai_foreign` (`id_pegawai`),
  ADD KEY `penjadwalan_memetika_id_piket_foreign` (`id_piket`);

--
-- Indexes for table `penjadwalan_neuro_fuzzy`
--
ALTER TABLE `penjadwalan_neuro_fuzzy`
  ADD PRIMARY KEY (`id_penjadwalan_neuro_fuzzy`),
  ADD KEY `penjadwalan_neuro_fuzzy_id_pegawai_foreign` (`id_pegawai`),
  ADD KEY `penjadwalan_neuro_fuzzy_id_piket_foreign` (`id_piket`);

--
-- Indexes for table `pikets`
--
ALTER TABLE `pikets`
  ADD PRIMARY KEY (`id_piket`);

--
-- Indexes for table `status_jadwal_piket`
--
ALTER TABLE `status_jadwal_piket`
  ADD PRIMARY KEY (`id`);

--
-- Indexes for table `users`
--
ALTER TABLE `users`
  ADD PRIMARY KEY (`id`),
  ADD UNIQUE KEY `users_email_unique` (`email`);

--
-- AUTO_INCREMENT for dumped tables
--

--
-- AUTO_INCREMENT for table `failed_jobs`
--
ALTER TABLE `failed_jobs`
  MODIFY `id` bigint(20) UNSIGNED NOT NULL AUTO_INCREMENT;

--
-- AUTO_INCREMENT for table `jabatans`
--
ALTER TABLE `jabatans`
  MODIFY `id_jabatan` bigint(20) UNSIGNED NOT NULL AUTO_INCREMENT, AUTO_INCREMENT=3;

--
-- AUTO_INCREMENT for table `jenis_kelamins`
--
ALTER TABLE `jenis_kelamins`
  MODIFY `id_jenis_kelamin` bigint(20) UNSIGNED NOT NULL AUTO_INCREMENT, AUTO_INCREMENT=3;

--
-- AUTO_INCREMENT for table `migrations`
--
ALTER TABLE `migrations`
  MODIFY `id` int(10) UNSIGNED NOT NULL AUTO_INCREMENT, AUTO_INCREMENT=13;

--
-- AUTO_INCREMENT for table `pegawais`
--
ALTER TABLE `pegawais`
  MODIFY `id_pegawai` bigint(20) UNSIGNED NOT NULL AUTO_INCREMENT, AUTO_INCREMENT=14;

--
-- AUTO_INCREMENT for table `penjadwalans`
--
ALTER TABLE `penjadwalans`
  MODIFY `id_penjadwalans` bigint(20) UNSIGNED NOT NULL AUTO_INCREMENT;

--
-- AUTO_INCREMENT for table `penjadwalan_genetikas`
--
ALTER TABLE `penjadwalan_genetikas`
  MODIFY `id_penjadwalan_genetikas` bigint(20) UNSIGNED NOT NULL AUTO_INCREMENT, AUTO_INCREMENT=404;

--
-- AUTO_INCREMENT for table `penjadwalan_memetika`
--
ALTER TABLE `penjadwalan_memetika`
  MODIFY `id_penjadwalan_memetika` bigint(20) UNSIGNED NOT NULL AUTO_INCREMENT, AUTO_INCREMENT=1233;

--
-- AUTO_INCREMENT for table `penjadwalan_neuro_fuzzy`
--
ALTER TABLE `penjadwalan_neuro_fuzzy`
  MODIFY `id_penjadwalan_neuro_fuzzy` bigint(20) UNSIGNED NOT NULL AUTO_INCREMENT;

--
-- AUTO_INCREMENT for table `pikets`
--
ALTER TABLE `pikets`
  MODIFY `id_piket` bigint(20) UNSIGNED NOT NULL AUTO_INCREMENT, AUTO_INCREMENT=16;

--
-- AUTO_INCREMENT for table `status_jadwal_piket`
--
ALTER TABLE `status_jadwal_piket`
  MODIFY `id` bigint(20) UNSIGNED NOT NULL AUTO_INCREMENT;

--
-- AUTO_INCREMENT for table `users`
--
ALTER TABLE `users`
  MODIFY `id` bigint(20) UNSIGNED NOT NULL AUTO_INCREMENT;

--
-- Constraints for dumped tables
--

--
-- Constraints for table `pegawais`
--
ALTER TABLE `pegawais`
  ADD CONSTRAINT `pegawais_id_jabatan_foreign` FOREIGN KEY (`id_jabatan`) REFERENCES `jabatans` (`id_jabatan`),
  ADD CONSTRAINT `pegawais_id_jenis_kelamin_foreign` FOREIGN KEY (`id_jenis_kelamin`) REFERENCES `jenis_kelamins` (`id_jenis_kelamin`);

--
-- Constraints for table `penjadwalans`
--
ALTER TABLE `penjadwalans`
  ADD CONSTRAINT `penjadwalans_id_pegawai_foreign` FOREIGN KEY (`id_pegawai`) REFERENCES `pegawais` (`id_pegawai`),
  ADD CONSTRAINT `penjadwalans_id_piket_foreign` FOREIGN KEY (`id_piket`) REFERENCES `pikets` (`id_piket`);

--
-- Constraints for table `penjadwalan_genetikas`
--
ALTER TABLE `penjadwalan_genetikas`
  ADD CONSTRAINT `penjadwalan_genetikas_id_pegawai_foreign` FOREIGN KEY (`id_pegawai`) REFERENCES `pegawais` (`id_pegawai`),
  ADD CONSTRAINT `penjadwalan_genetikas_id_piket_foreign` FOREIGN KEY (`id_piket`) REFERENCES `pikets` (`id_piket`);

--
-- Constraints for table `penjadwalan_memetika`
--
ALTER TABLE `penjadwalan_memetika`
  ADD CONSTRAINT `penjadwalan_memetika_id_pegawai_foreign` FOREIGN KEY (`id_pegawai`) REFERENCES `pegawais` (`id_pegawai`),
  ADD CONSTRAINT `penjadwalan_memetika_id_piket_foreign` FOREIGN KEY (`id_piket`) REFERENCES `pikets` (`id_piket`);

--
-- Constraints for table `penjadwalan_neuro_fuzzy`
--
ALTER TABLE `penjadwalan_neuro_fuzzy`
  ADD CONSTRAINT `penjadwalan_neuro_fuzzy_id_pegawai_foreign` FOREIGN KEY (`id_pegawai`) REFERENCES `pegawais` (`id_pegawai`),
  ADD CONSTRAINT `penjadwalan_neuro_fuzzy_id_piket_foreign` FOREIGN KEY (`id_piket`) REFERENCES `pikets` (`id_piket`);
COMMIT;

/*!40101 SET CHARACTER_SET_CLIENT=@OLD_CHARACTER_SET_CLIENT */;
/*!40101 SET CHARACTER_SET_RESULTS=@OLD_CHARACTER_SET_RESULTS */;
/*!40101 SET COLLATION_CONNECTION=@OLD_COLLATION_CONNECTION */;
